1dd5c10b-82db-4ea7-9000-3385738203dd,,,,
8d15c793-e4d4-4d94-a3e5-a51356c8cdb5,cloud-services,default,A 系列,A2
be6da937-39de-4de2-a735-d6b63d5d64b8,cloud-services,default, ,D2 v2
168dc3e1-2c1a-40c6-85b7-a0473ad5801a,cloud-services,default,Dv2 系列,D12 v2
7d04ca17-6ace-45b2-bf21-4edf16445747,cloud-services,default,Dv2 系列,D15 v2
a4744286-09f0-412f-8f7a-003cd4ed1d65,cloud-services,default,A 系列,A3
9c85e76a-3fd7-41b2-af8e-7b1586822481,,,,
6393c4ce-a679-4158-a99d-beca6a1c9776,cloud-services,default,A 系列,A7
7bb740ef-1460-4ff7-b26e-57e98218dbe9,cloud-services,default,Dv2 系列,D11 v2
61dca758-9105-47c8-8050-bc2ea5c3fcfd,cloud-services,default,A 系列,A1
3389f896-417e-4b75-888f-c5717b16b243,cloud-services,default,Dv2 系列,D13 v2
7dafb37e-6cf2-4481-8eb9-468e9e1840aa,,,,
a9f475c6-54e5-4a54-9d5e-1e538bbf0881,cloud-services,default,A 系列,A1
6ebf8342-920e-45aa-9565-ba15ffd14593,cloud-services,default,Dv2 系列,D13 v2
774941f3-ee15-4ce2-b8f2-fd6ed2760e14,,,,
4848a06a-fff1-4e43-b803-e19e16af6698,cloud-services,default,A 系列,A5
173429b7-e66b-4ccb-96c9-97a6650df06f,cloud-services,default, ,D5 v2
20c9f072-995c-46fe-97c5-35c7b20edbf2,,,,
fe975e77-c265-423c-b9d9-8f8799f6a3d7,,,,
c2a96e47-52de-4166-b1ff-dca540c6b3b0,,,,
f58e3424-4376-4cad-b653-38438f873b21,cloud-services,default,Dv2 系列,D13 v2
7af82826-ae6a-4f6b-962b-7ab68028fdb3,,,,
dee2f91a-233f-4509-8275-d7b7ff834fd7,,,,
d7db5d72-8dc9-487b-a663-f846969bd55c,,,,
4c89295c-9f5d-45eb-96db-f6d799a9c1a0,cloud-services,default,A 系列,A6
70145075-bf82-49f2-a3b5-11760c0f4bcb,cloud-services,default, ,D4 v2
466c389c-75d5-4c25-8351-78992ce2dff7,cloud-services,default,Dv2 系列,D14 v2
4c15da54-19c6-40e1-b910-70f35f8aaf84,,,,
04b7b9ed-df96-4e2f-a6fa-dbcbeffaf616,,,,
b48383d6-630e-4ac5-b6dd-aed7d9b1f9bd,,,,
967ac796-7cba-4429-8cfe-7f2739d4929b,,,,
02de2ad3-57a5-4700-87b1-29c845b1333a,cloud-services,default, ,D4 v2
f05afa1b-7685-4e1d-bc06-06ee03689b57,,,,
d99b5c72-4cdd-4898-b093-f089c5eaed46,,,,
7180c163-b174-4312-bafd-98af0b0f4c6b,,,,
365445cc-94a2-4b1c-ac2e-5a1c3819d026,,,,
9d3208da-7aec-477f-bad6-48b9dde57abe,cloud-services,default, ,D1 v2
b586fc31-dc5e-488e-bbc9-85c73a945eb4,,,,
9546a336-9961-44f6-af0c-ea2dda4be24c,cloud-services,default,Dv2 系列,D14 v2
b321b90f-70b3-4a9a-b2cc-2190853a8894,,,,
6e00f577-e1a5-4382-85d4-4634d25a9c6a,cloud-services,default,A 系列,A6
67cce584-456c-46cd-99c1-c50ad01efbe5,cloud-services,default, ,D3 v2
b386db9f-770f-4ebd-a18e-de244427af94,,,,
fa17bf92-ddfb-40fe-910d-5c42e5a8ce61,,,,
80bd213a-6a95-46df-b323-c9700c92dea2,,,,
0c4f782e-7513-4b1f-af28-63db5fe816c7,cloud-services,default,A 系列,A5
b1f35ec2-0308-4b4f-9f19-96545df76cf7,cloud-services,default, ,D1 v2
526017ae-c2fa-45d5-b516-a641e34ae829,cloud-services,default,A 系列,A3
4fd98994-9320-40e6-9aed-303abf506bb7,cloud-services,default, ,D4 v2
56b10f1b-64ad-4278-a67f-50e6973ca379,cloud-services,default,A 系列,A0
33501d1d-cc39-4216-96df-f5e8794d0e72,,,,
62ae0a6a-6756-44a9-97a4-b10fea13ed65,cloud-services,default,Dv2 系列,D15 v2
231ab41a-e3c8-4f7c-9eb7-eb52200bb47a,,,,
ec09df9b-7108-4ec1-b041-834c6a16375a,cloud-services,default,A 系列,A1
eed642ff-ddaf-49f6-9b8e-d734308a77fb,cloud-services,default, ,D3 v2
02362ee4-a7d1-41af-8ddd-c72d8791a67e,,,,
a37c3e00-2ddc-40ff-9a76-160950e7e0a5,cloud-services,default,A 系列,A1
1006f953-47df-4c92-9f09-6ec3834d4e0c,,,,
9d9cbb89-b1a5-41d8-b998-72c750a05de8,,,,
601a1a89-81d2-4277-8e41-4256c85fa3ef,cloud-services,default,A 系列,A7
33be92a3-8f1d-4078-a0a9-d4691e6d3da6,,,,
cb912027-ab85-414b-a317-b5be74a3be38,cloud-services,default,A 系列,A5
a1ca4545-b132-4336-bf5f-98d9e31122c7,,,,
e819a254-9fe9-451d-b2df-a1c878828652,cloud-services,default, ,D5 v2
9646327a-a170-4388-ae5f-b4d00add700f,cloud-services,default,Dv2 系列,D11 v2
30a5e31d-277d-4e45-9917-4236d0e54a18,cloud-services,default, ,D1 v2
2054a513-86e0-4ff2-869e-58747bc5180b,cloud-services,default,A 系列,A6
f0ccfec9-02f5-48ff-8ee6-a3177984dc34,,,,
6700be67-405d-4d60-a823-943f85b5e6af,cloud-services,default,A 系列,A7
b7a09aba-ed46-4739-ac54-4d99aa211195,,,,
dd7fabe6-1049-40e1-aeee-f81e3651fe7c,cloud-services,default,A 系列,A1
819d3dde-ccbe-45f7-9bc3-66cd68af3d10,cloud-services,default,Dv2 系列,D12 v2
7a249e2b-a31d-4c54-b0fa-6f7f45927fef,,,,
71677ff1-e604-470f-95cc-16a626aed59b,,,,
67b09d21-64e1-495f-8a84-6338297c04a2,cloud-services,default,Dv2 系列,D11 v2
45d50770-f8f9-4225-a392-5c675296e095,cloud-services,default,Dv2 系列,D11 v2
100e40ce-2ab9-47e6-bf59-500d17602826,cloud-services,default,A 系列,A7
1e8f6d9f-8b40-4c97-80cc-cff87a290a93,,,,
cee722d6-ac16-4ec7-8810-1a5f715d08e9,cloud-services,default, ,D3 v2
ce369276-0a11-4712-b1ec-28d9eaa07515,cloud-services,default,Dv2 系列,D15 v2
14963917-dee3-41a7-a37e-6ca27dad4cfe,cloud-services,default,A 系列,A0
73ccc743-2385-4f35-a2ee-97b0f0f9864e,,,,
cd40e526-ccd9-4ec5-a96c-7995b77b21c4,cloud-services,default,Dv2 系列,D13 v2
9e7a4990-9d41-420e-8d39-4400f813af9e,cloud-services,default, ,D5 v2
18ada5c4-7206-43da-8066-7baf232d97c9,,,,
fc9243a0-f593-4d7d-877c-7fec64b647ce,cloud-services,default, ,D4 v2
d8d65195-870b-4a99-8798-e784d210e615,cloud-services,default, ,D2 v2
767e96b8-656b-4d0a-b275-92ec00b9d08a,cloud-services,default, ,D5 v2
b6acd199-645f-438b-88a3-490963d9379e,cloud-services,default, ,D1 v2
4fae75c3-3a6a-4803-bf68-84315c2222fd,,,,
8c244100-15f8-44bf-a154-889edac41c7c,cloud-services,default,A 系列,A3
c12cae93-ac6a-4295-8c74-88f4342b8e6b,cloud-services,default,Dv2 系列,D14 v2
8489f14d-a5fb-432c-813e-173e65af4534,,,,
91499451-bdef-4245-a396-391186f0c32d,cloud-services,default, ,D2 v2
1d1812b0-6fd1-4f65-92c8-ee34be0cfb2e,cloud-services,default,Dv2 系列,D14 v2
cd6819db-f81f-4128-8fa1-83e77d4426bb,cloud-services,default,Dv2 系列,D14 v2
5b84dfc9-3ec3-401b-bf7c-a28baf971309,cloud-services,default,Dv2 系列,D12 v2
3ffa649c-d4c4-4686-abf2-30b4b965eaf9,cloud-services,default, ,D4 v2
01ea797c-dda2-42cb-85bd-8aca8726752a,cloud-services,default, ,D2 v2
39f5d203-ea5d-47aa-8d8d-f218979237b3,,,,
6ecfdba6-a686-4325-9381-cbab8f45ddea,cloud-services,default,A 系列,A6
9e436e9c-9852-470a-9baf-2d79d5f4fa65,,,,
812a4cb1-2073-4798-9b85-12403bf0e10a,cloud-services,default,A 系列,A3
51aa477a-14ab-41f3-8721-1af6d5d9f1e6,,,,
1894e023-9852-4e33-8d0b-8c8fa480c7d8,,,,
bfca4552-5529-4b01-98f9-b7a42ca4d69f,cloud-services,default,A 系列,A0
a1abdf0f-f5ac-45d9-bb59-a54c58f4c600,cloud-services,default,A 系列,A0
9ea14385-0aa1-47cc-afc0-f2ae4a024f41,,,,
d6c32751-1df0-48d7-a664-a03b95417aa6,,,,
c2a1fffe-383e-4f1e-b08d-48074117d1af,,,,
0aaf975b-8e33-404b-93f7-de7d69774ca1,cloud-services,default, ,D1 v2
e452c905-a88b-4b71-9711-4e13c3f38098,cloud-services,default,A 系列,A4
431ad86c-330b-49e5-a867-4cb68ef7e1bd,cloud-services,default,A 系列,A2
05c20f9f-5274-4468-9f77-055569de29e6,cloud-services,default,A 系列,A7
39b82011-38f2-4cae-9c0d-91064387e8a9,,,,
24a55859-5294-4797-af80-820874aa6125,,,,
f36a9a42-8b31-47ed-9359-2c59f30679e2,cloud-services,default,Dv2 系列,D11 v2
4f46e575-3dae-405c-9b96-473bb08f22a9,cloud-services,default, ,D4 v2
c1f13300-3206-4021-99b9-ccbe72f0aa1a,,,,
b7012b7d-8eb6-44a4-aa78-0c62926fb867,,,,
88b82ac7-2d90-40ef-bcee-0ea460b2dd20,,,,
274d03d5-3adb-417c-b3ce-926183c65736,,,,
6d5ccf45-e791-4988-83f5-13f1e72bdc6f,,,,
bdba065d-516d-41f0-a765-d5d1f58f94bf,cloud-services,default, ,D5 v2
95b38082-a0db-474c-9fca-5650c639fb9b,cloud-services,default,A 系列,A4
af7c3f78-e523-474c-917f-7d7100b09399,cloud-services,default, ,D5 v2
2e956b65-407a-4637-8b4a-905a4756af22,cloud-services,default,Dv2 系列,D12 v2
7e3d516c-4d4e-4f71-baa2-9300655ee16e,,,,
98ec2a99-7b0f-46e4-9f53-f2b026367235,cloud-services,default,A 系列,A0
57242d01-f8ce-451d-86ba-42cb6420a568,,,,
ed26e88b-e65e-47fb-85b5-4d21a8927321,cloud-services,default, ,D5 v2
2714a45c-f880-4854-b41d-8598127d12be,cloud-services,default,A 系列,A2
2e50e7ed-f493-4e38-a405-f4cfd7546f7c,cloud-services,default, ,D2 v2
b7c8a680-223c-4672-a75d-b48e932305c7,,,,
7cb95330-5b1b-4ee2-8833-6872bb8196db,cloud-services,default,A 系列,A3
adee0345-8378-4d7e-a702-5784c368ea81,cloud-services,default,A 系列,A2
678d0e8a-df5c-481c-b180-aaa17471b1e4,cloud-services,default, ,D4 v2
ee476978-129a-4676-bdc7-28119eb6fcd6,,,,
65397054-e00d-421d-a130-a616d314f981,cloud-services,default,A 系列,A4
9c72c2b0-fcbf-48f5-b633-32676663a2dc,cloud-services,default, ,D5 v2
5a1638f0-dd4a-4aa2-9fb6-3592b781a8c8,cloud-services,default,Dv2 系列,D15 v2
1f6ed533-690a-4f6e-8e0b-341ae9cab6e6,,,,
b704e435-6af4-4a5d-9bc3-06e4b0554f02,cloud-services,default, ,D3 v2
c0db510b-a7e8-4cb6-804d-3b965992ca1d,cloud-services,default, ,D4 v2
fbcb5c45-d849-4807-901c-da253442d477,cloud-services,default,A 系列,A6
48eb1124-3c78-4278-9bc1-85d9120fab17,cloud-services,default,Dv2 系列,D13 v2
499a38b7-b11a-4b32-9ecd-bdcbc1a0748f,,,,
7633fab9-bc1c-4a5e-ae40-2aa80b8f15d8,cloud-services,default,Dv2 系列,D14 v2
ab66c53e-9e98-4ad9-9044-d30942eda64d,cloud-services,default,Dv2 系列,D14 v2
787a3dff-ac97-4b19-95d8-3e3598368d61,cloud-services,default,Dv2 系列,D12 v2
0b7bee3d-3ed5-43a0-9798-08f694bb8c84,cloud-services,default, ,D1 v2
aeb193e4-4c43-4255-8f0c-c7d7ce898316,cloud-services,default,A 系列,A5
01e8eaee-ba76-4b8e-928b-0ca5a0d4358c,cloud-services,default,A 系列,A1
9a125af5-d337-4efb-9256-ff1879a8a913,cloud-services,default,A 系列,A4
00bce34f-cde7-4bd5-8f14-b0b7d6b21e40,cloud-services,default,A 系列,A2
db694303-aa9d-44d0-b059-1bb26ab4abd3,,,,
8dbf7cd3-d2fe-4080-8ddc-8f0578e2355b,,,,
02b92ee0-5564-43d0-b768-9d92ee0b211d,,,,
b05cb24b-e950-4f32-93fc-bc4381ba05af,,,,
7d468e0f-a7f5-4eb8-8b55-7604c2eedd8b,cloud-services,default,Dv2 系列,D11 v2
27f013da-7932-46ea-bebc-a11854dfa6b9,,,,
de0d1714-0abe-4e75-bfdf-161b0d17656f,,,,
97e620a4-f295-48ef-b3aa-834378a8cf9f,cloud-services,default,A 系列,A5
46d4bed0-7743-4708-a265-2fd9e534e3bb,,,,
39f65a7d-ccca-4eb5-9718-2f8d3712323e,,,,
4195bfe4-7809-467a-ad60-06cbe32f4df2,cloud-services,default,A 系列,A3
5039bfe7-5674-466e-bb68-fe08933c62d2,cloud-services,default, ,D4 v2
7af4c14d-6288-43d8-bfc7-bfbbab841c06,cloud-services,default,A 系列,A5
e819fae8-4d0a-47f0-9ee6-3d1635f22ca6,,,,
baa3b29d-c50b-410e-8ce1-7674202ec46f,,,,
1663075d-941d-40c3-a4e8-fcc5c598d76a,cloud-services,default,Dv2 系列,D11 v2
becb4c57-49ea-4296-8ac8-06ff09b74d68,cloud-services,default,A 系列,A1
1df60a0b-f88f-417a-86f7-ccc2b9659e7a,cloud-services,default,A 系列,A4
b113152b-5b7b-46f9-a7aa-e04841c3b420,,,,
ed0849e9-5536-4399-8769-dcc03a10045c,cloud-services,default, ,D5 v2
62915977-0761-4d93-8499-039b03fac17d,cloud-services,default, ,D1 v2
5f2591e0-5697-477b-afb5-8f7d28f4155a,,,,
14c79d86-8286-44db-be28-c9700663ae76,cloud-services,default,Dv2 系列,D14 v2
022f5d24-dd0d-4c36-bcfe-a84b47b3c624,cloud-services,default,A 系列,A2
d52d1cd4-2e3b-4d1f-931a-268b78b3efe0,,,,
b8961563-0af6-4c1e-a84c-7383c51c3b2b,cloud-services,default,Dv2 系列,D11 v2
b8fb85a2-4961-4827-98b2-890c56be88d1,,,,
19c6c2cc-5c6d-437b-a30b-261ab98c3496,,,,
adc752ab-1cd8-4e30-957b-fc7d0321fa03,,,,
2236370b-4365-4a26-88d3-6913c6540d86,cloud-services,default,A 系列,A3
22abbd77-2f3c-4f5a-ab10-6a6e10d5aa77,cloud-services,default,Dv2 系列,D13 v2
57cbee9f-3fa2-48c4-aef3-cf95829769f4,,,,
3456cf7c-a131-47e5-83b4-177c3ab49a4c,,,,
91a8eceb-98e5-4683-acf1-8752b130ae20,cloud-services,default,A 系列,A5
6f57a920-4e4b-4422-a013-6ce0c20ebd13,cloud-services,default, ,D5 v2
7d5266aa-8a8d-4ca0-a388-40e467b4803d,cloud-services,default, ,D5 v2
66770366-4837-4106-affe-6ca7165e9837,,,,
f91b13ab-62d7-408a-aeb3-b93d4374d6a3,cloud-services,default,Dv2 系列,D11 v2
27ea8cae-1ce1-4cd7-ac57-8b7c341e9243,cloud-services,default, ,D2 v2
1800bd5a-4452-44be-a6a6-1aa30b4c9a21,,,,
f0003a8b-a639-4b28-89e9-025cdcd629c9,cloud-services,default,Dv2 系列,D15 v2
4ecfe7d8-6622-45c2-9745-974c7c7dce2a,cloud-services,default,Dv2 系列,D14 v2
5aaad335-46c8-4ebe-ac35-13100376378d,cloud-services,default,A 系列,A7
9908ed0a-dba7-407f-b611-fc390325d48a,cloud-services,default,A 系列,A4
2c0f1caf-9489-42f4-b06b-589a573b99ef,cloud-services,default, ,D3 v2
3e8b6de8-56b3-41d5-bbb9-724882f0710a,cloud-services,default,A 系列,A1
712095a9-f677-4c94-b79f-040053acc0be,cloud-services,default,A 系列,A0
27fa1d2f-b93e-4f2b-8dd9-9f257c1f51f4,,,,
85285026-59c5-4029-9272-88d85040ce9d,,,,
8b8c895b-bca0-4f0e-9fbb-16c13512b8d0,,,,
2265feee-a1a2-4aad-83aa-a4b35824f677,cloud-services,default,Dv2 系列,D13 v2
045aa6f5-e9f4-4ff7-b377-f9baa1d986ce,,,,
f8eeb06d-e9b1-4792-9562-184213b97d03,cloud-services,default,A 系列,A1
64819db7-40ae-4288-8f30-25dcc45de6e9,cloud-services,default,Dv2 系列,D14 v2
589566a1-649d-4e26-9272-fc16d61b3dc4,cloud-services,default,A 系列,A6
8ff6cb38-2fd3-460e-b99b-76042d798a98,,,,
b64cacb6-afef-4e5b-88ff-58f63099bd05,,,,
cd89bb1c-026c-4823-ab36-d40b27d87c7c,,,,
eccaf38d-9f1c-43b7-97b6-2d91b2ea70e2,cloud-services,default,Dv2 系列,D11 v2
4c196433-36e6-4e28-a31d-e70b6a7c0d7f,cloud-services,default,A 系列,A6
9ba37508-fbab-4f2a-86f5-4861f19db872,cloud-services,default,A 系列,A2
c28ac367-7449-4cb9-9324-81b657bc5a6a,cloud-services,default,Dv2 系列,D11 v2
25f34193-df0c-4477-a736-6e9180355d9b,,,,
ad924267-2ddc-4836-9158-4e25bb38e5f3,cloud-services,default,A 系列,A1
cc35bac9-b6be-4367-acf5-2ddfd2facecc,,,,
8846dcaf-15c3-45cb-ad42-77542ca68b50,,,,
0a0ea38e-b04c-4323-ab35-842deea3a45d,,,,
16e41310-a66e-4ffb-8162-85e0cfd56a57,,,,
8ed9141a-9814-4700-824f-352cd1952f61,,,,
12306611-b02a-4739-99ce-3d8bd3d8f713,cloud-services,default,A 系列,A3
08e97539-3734-498f-8e1f-e6c00ad4f227,,,,
0d14ab9b-679c-4482-a935-4cbaebbd5af1,cloud-services,default, ,D2 v2
e7e4d225-c521-4771-ada0-94c787ace59f,cloud-services,default,A 系列,A3
4d9dcbbe-af9e-4dc3-83f2-fb054e015c14,cloud-services,default,Dv2 系列,D15 v2
37482b95-29e9-4d2b-b035-8e9178807c36,,,,
b92dc7a2-b467-4b5c-b880-6776416d7a4b,,,,
475b07f0-1f10-4e4f-a7aa-bb6c863c603b,cloud-services,default,A 系列,A7
7e4c4c72-a61b-428e-9e3c-7a79d89dd9b1,cloud-services,default, ,D3 v2
d2bc9901-976e-4fe1-acf2-68e3044cfe82,cloud-services,default,A 系列,A4
4a6ab383-ec62-47a1-bf83-249fe1d887ca,,,,
c7d94231-9fb9-4958-9ec1-b37b2849cd62,cloud-services,default,A 系列,A6
2dc65bfe-ea3a-4783-b51a-a6503c7a9559,cloud-services,default,Dv2 系列,D15 v2
032065d3-7112-4150-bd43-4ef521488557,cloud-services,default,Dv2 系列,D14 v2
8ce2780e-f219-4d9f-87aa-330a39b70b2f,,,,
989ca342-61cf-4ed3-a3b1-7d50f490c46a,cloud-services,default,A 系列,A7
e2760555-159e-4844-8e0b-2a8128a0b612,cloud-services,default, ,D5 v2
4c3bd520-1098-4e72-9a28-7e49df37d934,cloud-services,default,A 系列,A0
5efb5036-06ff-4a8d-bd99-0f569fc5ba12,,,,
c81ea2bb-4ed7-4e86-b963-19bd7a2bfdee,,,,
f2eb7e65-3186-4ece-8e04-a080568f5249,cloud-services,default,A 系列,A7
7ae61e23-e5e6-48ea-95fb-ec9b24d954c9,,,,
2d7c9447-657f-4d93-8c0e-216b04860f70,,,,
0b18980d-6dcc-4f45-915d-7cb2b36737db,cloud-services,default,A 系列,A4
227aa5c6-c4fb-4fdd-afa7-4b5648cc48bf,,,,
cdd52a05-9159-4cb9-8440-dc58f8a5f9a2,,,,
a1945374-05df-45d3-8f69-1aaf85d30101,cloud-services,default,Dv2 系列,D11 v2
32e2d715-b6dd-4ad3-9a3b-93085c8622e9,,,,
b55b36db-606a-418c-8c7b-b9df3337c742,cloud-services,default, ,D4 v2
78d803eb-52b2-49d2-8534-c83303d4c453,,,,
c2a5715f-92e4-497b-82be-b0d33637120c,cloud-services,default,A 系列,A4
cbc47ae0-149d-47bd-9f5c-16488eef83db,,,,
1ad2a734-9682-4741-a93e-adbed7ea38ab,cloud-services,default, ,D5 v2
540ace59-9c1d-4418-8ee1-07d857d7b7fd,,,,
f5a1c44e-f6cb-4223-8954-db0650c7b1cc,cloud-services,default, ,D4 v2
1c9ee768-8e9b-434d-9de2-4a7b67c844d9,cloud-services,default, ,D3 v2
2b0c7480-6afb-4d8d-a112-7ee2f020680f,cloud-services,default,Dv2 系列,D11 v2
93a18a5f-d98a-41c9-aafa-1e1e6f58c7cf,cloud-services,default, ,D1 v2
feaf29ce-96bd-4895-bc6a-7b368b6af1e3,cloud-services,default, ,D1 v2
31fadbe3-05d8-4a3a-9881-9b2661e26500,cloud-services,default,A 系列,A6
f559ee16-4644-473c-9979-e8c6a79c9277,,,,
76bbfa2e-d64f-4479-bc5f-8ded27d193bc,cloud-services,default,Dv2 系列,D14 v2
ff8c29bd-5dc2-4bed-be62-48a3587fece4,,,,
77860eb6-e2bc-4d06-8efe-491d840adaf5,cloud-services,default,Dv2 系列,D15 v2
08751b2a-9d63-44d6-9097-bbebbb220c3e,cloud-services,default,A 系列,A2
2ca64efa-a6d8-482d-bd68-58809f238498,cloud-services,default,Dv2 系列,D13 v2
be10cb19-4f5b-475b-a2a5-9ace405deb0e,cloud-services,default,Dv2 系列,D13 v2
75985cb6-97f7-419f-b9c0-b474c0ca917e,cloud-services,default,Dv2 系列,D11 v2
99aa2396-c189-4f92-a488-354f3361b748,cloud-services,default, ,D1 v2
57c3fc29-f201-4b57-81cc-1f1d7370ee54,,,,
d6013ce8-da29-454d-a946-dbf30b75b81a,cloud-services,default,A 系列,A3
0ca2c2b3-effb-4204-8c9e-a79f62e47893,cloud-services,default,A 系列,A2
3407ac53-95e8-4162-9c94-f22d9d766202,,,,
5641ebf4-f440-4029-a7f6-d48e92b556b8,cloud-services,default,A 系列,A0
5e415bc9-7936-445b-9215-306205de24d3,cloud-services,default,A 系列,A1
c3950e65-bbc4-4612-8405-caf06dd7c9a1,,,,
c79010e0-54fd-43b9-9265-67f6a8f5293f,cloud-services,default,A 系列,A2
d817c09e-b8b9-4d2c-8de0-5c34d5148bf3,cloud-services,default,A 系列,A1
df8ad0fb-dcb6-4749-a52c-3aeaf69435ac,,,,
d1e2abca-d7b7-43f6-92b7-41cf38a2d7ab,,,,
0a0504db-881c-4e74-a111-0ae9b1036025,,,,
7da9ad8e-f3e8-4d91-87b8-9746e0dd7a50,cloud-services,default,A 系列,A7
fceaf6cc-5d88-4533-9758-0a471671a353,cloud-services,default,Dv2 系列,D13 v2
a8e1572a-f70b-4651-ba7f-10b5883a1a7e,,,,
2eaa171a-68e4-489d-a914-54489cb2ab9f,cloud-services,default,Dv2 系列,D13 v2
a2e54082-24f3-4aca-abea-c055d5e781bc,,,,
901477a2-298a-4850-bca2-56909368deca,cloud-services,default,Dv2 系列,D11 v2
9d5a76cd-a00f-4049-9ee5-e5b259dd6039,cloud-services,default, ,D4 v2
de8fff51-3f4b-416b-9833-58f93db65d14,cloud-services,default, ,D2 v2
4e1afbb0-df00-41e0-b6e0-4cb1836d1625,,,,
a93f9537-5658-438a-af1c-e354a6dd2a1f,cloud-services,default, ,D3 v2
cc18e51b-0840-4519-820c-f12e41ed62fc,cloud-services,default, ,D2 v2
28867e2f-f6e7-4de5-8fe4-b65cf76cfcc0,,,,
94b67630-61f2-465b-a0bd-c2fb8bdd1136,,,,
3f623114-640e-4f6a-b325-347b7ed51841,cloud-services,default, ,D5 v2
0d825caf-c52e-4778-9703-c05a14ebe506,cloud-services,default,Dv2 系列,D15 v2
f52b5e4e-2c1b-4394-b256-355adb5ac70c,cloud-services,default, ,D1 v2
4f2b36c6-e6d8-479a-9789-546adeb43c43,,,,
8fe45687-5272-4a3e-8d4a-acc1141c5464,,,,
dfddbb55-b36b-42ce-902a-5622584e548c,cloud-services,default, ,D3 v2
0f8dbe2a-21a3-42fa-8ae5-fb51ba7f4a6c,cloud-services,default,A 系列,A1
243ff232-d876-4ab5-b953-ba59f171ccc8,cloud-services,default, ,D1 v2
0f240f9b-0271-4777-8153-57ea7fe23389,,,,
8d29f707-7e0d-4e09-b376-9535fed9863f,cloud-services,default,A 系列,A4
d71f5e12-ff4e-40bf-90fa-5a23efc54784,cloud-services,default,Dv2 系列,D12 v2
1891cbcb-3061-46c5-b831-7dfc0b5ae5b4,cloud-services,default,Dv2 系列,D12 v2
401cfa59-dac4-49f0-ad87-f75c5c7d07d9,cloud-services,default,A 系列,A3
219c2d13-b9e3-4f5f-b042-0c0cf8fbee4b,cloud-services,default,A 系列,A7
f0ff652b-892b-458f-b945-c252377a33d0,,,,
56ac24bc-5a56-4331-84b5-2297354ca41c,,,,
30cd0f6d-9e46-47ee-a67e-84fa3e6db9cd,,,,
ef37c931-1e70-4e01-a30c-8b5048cfa954,,,,
f61769f0-6f93-4181-b335-61fc6f70e891,cloud-services,default,A 系列,A7
c2c57b4b-3b6d-4219-b3d9-6ac445d2eae0,,,,
04f46858-e485-41a4-84a8-dbcb4f80f8c6,cloud-services,default, ,D3 v2
698457d6-f367-4cb7-8d67-0529485048a0,,,,
471e3bd7-d8e0-452c-821f-107ad7c13bbb,cloud-services,default, ,D1 v2
c3a82c70-2ad9-4901-9492-d82ec03cf21d,cloud-services,default,A 系列,A7
629194b4-db61-4a55-ad90-c65894f69715,,,,
76b1d83a-bc99-47c5-8d61-220e46cbe29d,cloud-services,default,A 系列,A0
438ea1b4-f661-4132-b857-90f10d9ab8b4,,,,
0bb04aa4-6d14-4a5a-98e6-1a08cd41e304,cloud-services,default,A 系列,A7
690e36d5-35b1-4f48-8388-af55eee973b2,cloud-services,default, ,D2 v2
46b89bd8-182a-4418-8feb-8242b1c97461,cloud-services,default, ,D1 v2
914991bb-fe94-46de-a0c7-64e1b5e5d837,,,,
fc4409fd-52ed-4ada-93b9-bf1bc3db67f0,cloud-services,default, ,D4 v2
1086cc44-ab49-4943-8525-b7a3c6392925,cloud-services,default,Dv2 系列,D14 v2
1b0dc313-f85f-46e4-aef1-3ef953281047,,,,
57fdf439-b2b0-4eaa-9f8a-31a70ccdbf3f,cloud-services,default,Dv2 系列,D15 v2
800f6d0d-8cf5-4015-94c0-c92a0637ccfd,cloud-services,default,Dv2 系列,D14 v2
c21bad35-7557-4bde-b9d9-acaf24053fd3,,,,
ecde2ccc-3fec-4d76-93ae-28d2ab423349,,,,
a4bfab03-a19d-4f19-b067-cb7411384d8c,cloud-services,default,A 系列,A7
2f98d9e0-efbf-4043-ab55-9d5c9fc8de76,cloud-services,default, ,D1 v2
681920dd-a782-4ad1-9d44-1e37533d4081,,,,
b25416bb-76e8-43cd-9579-f29f09887ce2,cloud-services,default,A 系列,A3
44b17efc-018c-4da5-8696-98922dd0ff76,cloud-services,default,Dv2 系列,D13 v2
e389df43-a2d4-421f-8791-7e59c5419a57,,,,
a132330d-b04f-41c7-8de3-4c17db14294a,,,,
3ce92048-3f40-4096-8be1-f396e3dc23f7,,,,
33803654-60cd-4d26-9921-9ff069254b41,,,,
4018a121-f1c4-4405-aa40-a59df52080ab,,,,
47cd02af-fcf7-4007-a773-fef174ceee77,cloud-services,default,Dv2 系列,D12 v2
eb07634d-10a5-4f2c-8e88-46303321465a,,,,
99354be6-a7d8-4647-a20a-d2f300a9a9fa,cloud-services,default,A 系列,A0
2b0c57dd-80e7-4617-8dda-8f12abad4541,,,,
90abe154-a008-4926-8400-58ad762a5e1d,cloud-services,default,A 系列,A7
4511d5dc-c429-4271-b631-f5c3a6fe92f1,cloud-services,default,A 系列,A7
8dda06af-95ac-4ecf-a7ce-d9ffe046a518,,,,
f62fafc1-3b22-4d08-9765-15bd45bab87d,cloud-services,default,Dv2 系列,D13 v2
19a0de76-1995-4ea8-8cd1-7c8a6931e3c1,cloud-services,default,Dv2 系列,D13 v2
d5137365-8535-434f-83a2-4af109e91e60,cloud-services,default,Dv2 系列,D12 v2
6eaf9150-cee9-4835-9c85-b1f9094ee397,,,,
c2827b48-09b6-4490-a2c3-190a3197e453,,,,
26794da9-d7d7-4a2e-a445-920bb5fd274e,cloud-services,default,A 系列,A5
8254ec81-3aee-4198-86b1-0637419eef4c,cloud-services,default,A 系列,A2
3ad586f4-1945-46f8-9a96-db723f5432a2,cloud-services,default,A 系列,A1
cb94a3cc-bc75-4343-b102-4a871ae5ff3d,,,,
a62b8222-14da-4bc3-ac21-c1fe1f033c64,,,,
76744481-9534-4c91-82ae-d3847ea29982,,,,
3f69ee96-a423-4e7b-b370-ce4bf98ce1db,cloud-services,default, ,D2 v2
1f6bef0f-ed22-4d62-8999-73dd61e5756a,cloud-services,default,Dv2 系列,D12 v2
9db3576d-f80a-41fa-93c4-f16e87e13e47,,,,
83d9848f-562f-4941-b79e-93228e36bb44,,,,
5d7995b3-7053-4c16-9a87-fe7537ecde07,,,,
e3538ce6-2940-4c6d-b344-3cab43f70c2a,cloud-services,default, ,D2 v2
7ca908b9-ecfc-410f-b8e5-f24421fa6dc6,cloud-services,default,Dv2 系列,D11 v2
fac079bd-39e8-40d8-a9df-06d2b1cb4dd4,,,,
aa165f78-f022-454f-abe5-8c8086f36d9a,,,,
10056506-dc72-4b6e-96c7-c39b0d908b9e,cloud-services,default,Dv2 系列,D11 v2
835b1880-0c95-4d4a-a849-0f951ed6cc2d,cloud-services,default,A 系列,A2
1ccfedef-65f7-46d6-89cc-3658db2d14ac,cloud-services,default, ,D1 v2
34a8c52d-943d-46c2-8168-4af851e02b87,,,,
4414de85-1628-4358-ab79-c8f83089b4f1,,,,
c89d2470-38e5-4f78-9531-d505c2e178fd,cloud-services,default, ,D2 v2
9ff9206a-5a63-4c25-886a-f4fd19c89fa7,,,,
e320974d-3fb9-41f2-80d6-e8bd289b37a0,cloud-services,default, ,D1 v2
8c7ff689-1ce2-49f9-be24-abf82b79a736,cloud-services,default,A 系列,A0
86c05cd8-a958-4d1b-ac99-1205598d5454,cloud-services,default,Dv2 系列,D11 v2
9f0befc4-fa87-423c-b2d7-1874cd24b326,,,,
96b59323-b38e-453c-bbc6-01cbffe2fe3f,,,,
abbd81a0-cc95-476d-9b16-b5aab77e39fc,cloud-services,default,Dv2 系列,D13 v2
acd02e3d-72dd-40c7-9060-81c097e2af06,cloud-services,default, ,D5 v2
b56a540f-d226-408a-ac76-6e6ec85bdb96,cloud-services,default, ,D5 v2
981293da-2827-4c3e-8b2d-d7718b6c7368,cloud-services,default,A 系列,A7
8547d777-4230-4ef7-ac27-0b2e63f33587,cloud-services,default, ,D4 v2
8ba99860-6393-4364-af24-81793bb614af,cloud-services,default,Dv2 系列,D15 v2
adaa00f8-749f-4ec5-a9c0-36141e8cc010,cloud-services,default,A 系列,A6
de5d84ea-63ee-430c-a456-ad68029b89bd,,,,
0900568c-28c5-4cda-a43e-88671e36fa39,cloud-services,default,A 系列,A2
ff4f37d3-8a5c-49dd-9303-a9547f7d598f,cloud-services,default,A 系列,A6
7f00d6d8-949e-497d-80bd-fa38f5976c65,cloud-services,default, ,D2 v2
2938dd7b-29d6-4a9e-97f8-4eb2c74f72ec,cloud-services,default,A 系列,A3
948d4975-d782-4e2f-8f72-ccc8efce10ab,cloud-services,default,A 系列,A0
59e53aad-6b76-49ca-b647-9a44c39cad90,,,,
9ee077eb-c902-46ef-b7f9-2caeade852e0,cloud-services,default,A 系列,A6
ec122893-1646-4e2b-b9f8-3bad09490d1b,cloud-services,default, ,D2 v2
3f3da0fa-5694-462a-b013-ef7b59556fb7,cloud-services,default,A 系列,A5
cfac34fb-c029-4c92-815e-a4a3c963af6b,cloud-services,default, ,D1 v2
e214be74-25c4-4fa3-8366-f710a94c063d,cloud-services,default,Dv2 系列,D13 v2
68c797b7-f215-4c3b-ae9c-aaa1b94f6457,cloud-services,default,A 系列,A6
a8ba8fe4-285d-494d-90d8-5339b112ea40,cloud-services,default, ,D5 v2
6633074b-2640-40c6-817d-e2333d19202f,,,,
287a6e61-483a-41f0-81db-807561e8d11b,cloud-services,default,A 系列,A7
9cdb0b20-13e0-483c-a343-effdd69c7fdb,cloud-services,default, ,D4 v2
f5af6951-80ba-4e4a-8c51-7b6c6ecffb59,cloud-services,default,Dv2 系列,D14 v2
b1d7eff6-5b66-4b3d-98e4-6a7911725399,,,,
f2c23bda-95ea-4d1b-a3d3-0848a73824f3,,,,
ae037cc8-2326-4d3e-bee7-b674651d84f5,,,,
57b10dba-b932-412f-b934-a4d8a5f8bb2c,cloud-services,default,A 系列,A6
f525f30c-c344-42f3-8aa1-f971b93338b0,cloud-services,default,Dv2 系列,D14 v2
1c2b2552-514d-4522-a273-abe2257600b3,,,,
3f0f3397-5a9e-4590-8bb4-c4469f634e10,,,,
c48425d9-b8d3-433c-9830-e9cb9d220162,cloud-services,default,A 系列,A7
0fb8dbaf-54ee-4dd3-815b-80d7a073c909,,,,
75d01b20-ab5e-4cba-9df7-88a0ffc00b9d,cloud-services,default, ,D3 v2
2bbbb0c7-0281-416b-84d7-03ea1155a1d1,cloud-services,default, ,D5 v2
c799ccdd-765e-432b-a4e9-db2d6b422ad8,,,,
16f78242-0606-433e-b7aa-ad08bf1f9eea,,,,
1bf9b643-a2f4-4a03-a0e5-2086fecfa5ca,cloud-services,default,Dv2 系列,D14 v2
9fcce746-fb57-4cdb-8e00-eacc749b91a7,cloud-services,default,A 系列,A5
15381d5f-c3ad-43c9-824b-9463db008a67,cloud-services,default, ,D4 v2
ee33f71b-4168-40b9-abcd-5c8f24a3331c,,,,
fc7c9c41-3aa9-48fe-96a4-86457c7c9cfc,cloud-services,default, ,D4 v2
8f433e69-804c-4037-a1e6-462c319d0147,cloud-services,default,Dv2 系列,D15 v2
684b3148-ec75-4010-90b6-8af7ebf2a1ee,cloud-services,default,A 系列,A3
cd14d934-d909-4610-b8bd-48e52d0bac1b,,,,
904e7109-d9b8-4021-9827-0529957d57a7,cloud-services,default,A 系列,A6
1c648c7d-694b-490c-a9dc-ae978cf936fb,cloud-services,default,Dv2 系列,D15 v2
da6c4d55-5c6a-4fd2-960c-d604769542b7,,,,
f67c233d-9c4c-4bf9-948c-d116bb5eed1e,cloud-services,default,A 系列,A5
1c0f0b94-5be9-486b-98fa-d942bc9ecdad,cloud-services,default,A 系列,A5
63172e00-4760-4ba9-babf-2c3618368139,cloud-services,default,A 系列,A7
945fa653-08e4-48e4-bfc5-872424ea629c,cloud-services,default,Dv2 系列,D11 v2
bc4fc736-2274-4796-979b-8e63807425c2,,,,
ef010b9a-4b5e-42af-bd11-1b7960dfbc29,,,,
e8299206-0fbe-477a-b3e5-a88bce95d152,,,,
db5cd96a-4852-4e0b-94e5-5c915d9c1879,,,,
64cabb4c-1cdc-45a7-b682-8c5e0febbb51,cloud-services,default,Dv2 系列,D12 v2
924b9bcb-9cb4-431c-ad2a-eefd5c74c894,cloud-services,default,A 系列,A5
c323c94a-ccd3-4dc5-82a7-c1e18dd1913a,cloud-services,default, ,D2 v2
9543b36a-cf96-4b48-b0b4-a7258977e706,cloud-services,default,A 系列,A4
73cd7a1f-2080-434a-9335-693577402b62,cloud-services,default,A 系列,A2
1237efc2-b639-4940-86bb-fa4107475577,,,,
8c4ce1d0-509c-4d1e-8080-2df55476d8e9,,,,
35664b4e-f7a5-457b-b60e-eff0015f2cdb,cloud-services,default,A 系列,A0
38e85549-aba3-494a-9829-9b5309a2ab16,cloud-services,default,Dv2 系列,D11 v2
a73fdaba-6b94-4934-896b-b43759867987,cloud-services,default,A 系列,A2
74821000-4eb0-4106-9992-5574ef750c15,cloud-services,default,A 系列,A6
2c6d0271-97a7-4945-8847-0aab5f73ab3e,cloud-services,default,Dv2 系列,D15 v2
209f4cd2-ad49-467c-b1c0-68e0731ddc86,cloud-services,default,Dv2 系列,D11 v2
e25f4479-3084-4e1c-b89c-2b0bae2b79e7,cloud-services,default,A 系列,A2
688cd530-3034-41b6-b429-02856500a9a8,cloud-services,default, ,D3 v2
dab7bc99-944d-408b-80f9-320c0e55f42d,cloud-services,default,Dv2 系列,D15 v2
c0394e55-83aa-4bc6-9bb8-0df26714d2e9,cloud-services,default,A 系列,A1
be5fd77f-e2dc-424f-bb67-0b5363a1f8b3,cloud-services,default, ,D5 v2
0871a632-56b9-4291-b908-a41af459293b,,,,
0168b9e9-d153-4754-81a4-3e03473c13e8,cloud-services,default,A 系列,A6
2b9e6ef0-6519-4fe6-9ec1-5fddc4e038a3,cloud-services,default,A 系列,A5
12e1237d-a0b1-4630-93d7-5090224dc30f,cloud-services,default,Dv2 系列,D13 v2
9c757631-cc2a-4087-a522-ce951fffbe49,cloud-services,default, ,D2 v2
cfc14ce6-3709-4415-bc3a-e80560a1c4d6,,,,
1b648a0b-3296-4e12-91f1-de12e972933d,cloud-services,default,A 系列,A0
228d22b2-c814-473a-acfc-3f8644c950ff,,,,
14494683-5d41-4dbf-a960-e10b204b10b2,,,,
0f727a51-58cf-4a0b-b76b-0a2ee0403460,cloud-services,default,Dv2 系列,D13 v2
f35b599d-b770-4341-9e52-eee2510f3d8a,,,,
bcca2d1b-9cfe-434c-86b4-7b27d2b77810,,,,
b5f839bb-aba7-489b-9e8c-25c480c264bb,,,,
b91f630e-7dcf-4871-aed0-df6c00fd3784,cloud-services,default,A 系列,A0
7968aef1-8e33-4597-8917-6eb4dbb57979,cloud-services,default, ,D4 v2
83944f00-e218-4cca-974a-c0d01dafd2bf,cloud-services,default,Dv2 系列,D14 v2
14238d16-80ad-42a4-9656-b7e1261fbccb,cloud-services,default, ,D2 v2
0f0157d1-ff48-49ba-9653-eba004a1a10d,,,,
885308fc-3438-4ea1-a9f0-356ac1806722,,,,
96b4003d-adb9-453c-b024-a810ffddc21d,cloud-services,default, ,D1 v2
a4f190ad-91b9-42a5-a9e7-858e84d0956c,cloud-services,default, ,D2 v2
a4407cfc-ba27-47c6-b53b-2c8cac94f316,cloud-services,default,A 系列,A3
77f439fd-d80d-49c0-9ce1-262a5211d0eb,cloud-services,default,Dv2 系列,D15 v2
375020be-5146-4cb5-907b-3b0aa1c4acd4,cloud-services,default,A 系列,A4
68a31453-4e2b-4410-962c-14fe90fb3252,,,,
0c1492a2-8db8-44c6-b0ed-cc6188c72b34,cloud-services,default,A 系列,A5
4068a61c-e6e4-449e-88c8-d715e95e2937,cloud-services,default,A 系列,A4
299db139-4526-4af9-86e8-53240278b2b1,,,,
a821a90b-2a56-4c1c-812d-0446190249fe,,,,
a10d37fa-4928-426f-9ebe-e2d8ce3cca06,cloud-services,default,A 系列,A7
944f6253-f198-4f72-ba6f-d3b8ee4d4768,cloud-services,default,A 系列,A4
a6a35bd0-b360-46cd-9433-3f6cee8551eb,,,,
51c8e114-ad37-4046-8b1a-21d2e9cd679a,,,,
89c117f6-6100-485c-b0b2-c33c8b63e18a,cloud-services,default,A 系列,A2
ae557946-5cd9-4047-843e-cb33489feed2,cloud-services,default,Dv2 系列,D13 v2
701c1cfc-bae6-4655-85a1-4949d634c7aa,cloud-services,default,A 系列,A3
64a11e57-33f8-43a5-8057-bad197432639,cloud-services,default, ,D3 v2
67d2bbb3-964e-446b-888b-0e8f0c586f21,cloud-services,default,A 系列,A2
a6e82a0a-80c9-4d64-a816-212e27c97b10,,,,
554675b5-d546-4f54-8828-c10c03d38a9a,cloud-services,default,Dv2 系列,D14 v2
93a2d73f-f2c6-4e40-aef3-84612e29631a,,,,
f4e6a4cc-2e80-452c-853c-71bf9b8a6d12,cloud-services,default, ,D2 v2
6b288fb0-8311-4dd2-9b80-049267aabc89,,,,
5d97dd1f-b0f2-4387-b9cf-da849209d530,cloud-services,default,A 系列,A3
9662d1e6-73a2-41b6-8b48-1473cce02607,,,,
0ad39c38-f2c3-43cc-a26d-d26bdd69b3e5,cloud-services,default, ,D1 v2
187814b2-8d92-4177-ab9d-f750a58e1280,cloud-services,default,A 系列,A5
c8f6b01f-78b9-40b0-bad8-80f0641f5a02,,,,
1cd3b30f-7ba4-4181-bcd1-e41063749146,cloud-services,default,A 系列,A1
663397f3-4446-4ec4-a00c-ff7c8046d565,,,,
f3d2ca12-995e-4314-8054-1dd48319df09,cloud-services,default,Dv2 系列,D11 v2
c4dacb04-bcd1-4726-8062-cb9c7ba0b4f6,cloud-services,default, ,D3 v2
5d281697-2039-4cfc-9a83-c8a67af384d3,cloud-services,default,Dv2 系列,D11 v2
be6bd2fc-0be3-4dcf-b054-a518c4c1fc82,,,,
8a481051-9bc9-486e-aeb0-8dbd0a1d89a4,cloud-services,default,A 系列,A2
702e9999-b340-44aa-b466-ada5552b8f85,cloud-services,default, ,D5 v2
7b88068a-a50e-4420-a661-1d0de1381069,cloud-services,default,Dv2 系列,D12 v2
bbf64453-c36c-4156-adc9-1cc53c9139f0,cloud-services,default, ,D3 v2
1b33abd0-f6e2-43dd-9810-51c0dd9df087,,,,
da46314c-5be6-4d7f-919e-4a33b7467c21,cloud-services,default,Dv2 系列,D12 v2
33167df4-0e69-4e38-9798-9be58d1c882e,cloud-services,default,A 系列,A0
7deb8496-2550-4037-842a-6481140f32ad,,,,
5200cf98-a3b2-4db9-b548-2282819b9f2e,,,,
84d6454d-0608-424f-aaaa-2bb3ef8c5729,cloud-services,default,A 系列,A5
2c92d701-9775-4be6-b5be-73f4fedb337b,cloud-services,default,Dv2 系列,D14 v2
61aa7dea-7160-43f4-a389-80f1ec35aa89,,,,
c9fe92a8-fbbb-4ab2-bbc8-6e2ab7638470,,,,
8dde8b2e-acd0-4835-8804-539beace387d,cloud-services,default,A 系列,A1
c4160b2c-d66b-4b5a-9b6b-0e21b7d6c90a,,,,
8d487cfe-50fa-4a5a-8f6b-b5033de5e3e6,,,,
4ec733e8-c70b-45ec-9cba-471a9439d08b,,,,
724c09d9-8982-45d7-8141-416541713a0c,cloud-services,default,Dv2 系列,D12 v2
06574cbd-a711-4eee-a835-2b92a501f2f1,,,,
42abbc74-9dcd-46f9-a9ad-6d1883adebf9,,,,
d1ee12bf-83ce-4be7-b0d6-3ec88afd784c,cloud-services,default,A 系列,A1
45a39d7f-67b0-47e3-984b-31f016d17efd,cloud-services,default,Dv2 系列,D12 v2
57d3a18f-ce3b-42c8-870d-9171cb2b3eba,,,,
f8a05d87-876e-4402-8506-7799b96b00ba,cloud-services,default, ,D3 v2
68628f65-110b-40ed-9ded-1c724de31696,cloud-services,default,A 系列,A6
ebd14d28-564a-49c3-b914-380d86dac592,,,,
21dc132a-f2c1-4b90-8eba-8c9fdd3d28e4,cloud-services,default,A 系列,A3
e186a616-4bcf-4719-a255-bea710b8af96,,,,
7f393667-2df6-49f8-9ddb-6b310d843b6b,cloud-services,default,A 系列,A2
b24017a6-c177-4280-8306-0d4e320b8a78,cloud-services,default,Dv2 系列,D14 v2
7fb8c093-812f-4319-afc6-2b307755e7d0,cloud-services,default,A 系列,A5
98875161-56c4-400f-888c-57ea8d5c9200,cloud-services,default,Dv2 系列,D14 v2
0aa4df8e-0496-497a-b1b1-6bf1c17324a4,cloud-services,default,Dv2 系列,D13 v2
e71287b7-5b9e-4291-9715-7d209bdc39a7,cloud-services,default,A 系列,A4
cc83e0ac-437b-44f9-ad5b-9982c3241899,,,,
41f7de4c-9efd-4b91-8538-549ee2bb4f3c,cloud-services,default, ,D3 v2
d1e043cd-4b29-4546-b5e2-5a1ab0ba301b,,,,
106dcff0-30d5-4ee6-ab52-28d1683ee3f6,cloud-services,default,A 系列,A1
5114dbae-3c14-4b73-8b6b-2633ea0bc343,cloud-services,default,Dv2 系列,D13 v2
b7635939-ec60-4bf1-89d1-e0a0c9a119e8,cloud-services,default, ,D3 v2
362e5fdf-eb3c-46b7-89c7-32bbf3828f60,cloud-services,default,A 系列,A3
20c9c6ca-43e5-4487-b43c-9e06b302461b,cloud-services,default,A 系列,A2
980f7dc0-7ed5-4734-a10f-33878da9a1f4,cloud-services,default,Dv2 系列,D12 v2
aaacf121-9c4c-4d64-a8c9-a9b4a71f650f,cloud-services,default,Dv2 系列,D12 v2
de59f888-758c-4bf2-9e5f-d8c254a7d16a,,,,
27485d03-df4e-42b8-9651-c0a0b436cc19,,,,
681813ea-a3a4-44fa-82a4-902588427fd8,cloud-services,default,A 系列,A0
420fa5a1-99a9-4d8d-87db-2d6663f96343,,,,
309f895a-26d2-46c8-a46b-c2e9db459ece,cloud-services,default,A 系列,A7
aa21c415-c101-4554-8919-e309853e9f1e,cloud-services,default, ,D2 v2
1bb2f28b-9b13-4a5f-85d6-cf6211c8c668,cloud-services,default,Dv2 系列,D13 v2
83acc60c-599a-4df3-af7e-53a2c9af9073,,,,
3e7fc27f-95cc-452f-a3f7-4d182019eefd,,,,
43636e6b-432f-4fa6-81c2-570325eceaf2,cloud-services,default,A 系列,A6
a4b8ea37-87dc-45c2-9fc2-b7e56dc8239d,cloud-services,default,Dv2 系列,D12 v2
bbdcc7cb-8933-4655-8111-a0f519b6c717,cloud-services,default, ,D1 v2
8690a7d9-dc11-42c9-b9fe-4de90efdf6d4,,,,
a9a9f377-f55e-468c-ae7c-ce9051274232,cloud-services,default, ,D1 v2
dd5fcf13-7031-48b0-b736-8ca7da3a6a92,,,,
2a42f457-d6a6-4418-b986-364b6641ef3b,cloud-services,default,A 系列,A7
b7debdbf-8a7b-402c-9271-cab415c44bcb,cloud-services,default,A 系列,A4
4c35170a-4731-4072-841d-c20793007168,cloud-services,default,A 系列,A3
8d0901c1-87c3-43ab-80af-bdbaedd77838,,,,
d223dd64-e471-418a-beca-eb63185da795,,,,
0a4628b2-cf77-4f0a-b29e-9cfae4f71f6f,cloud-services,default, ,D4 v2
2f86264f-ed38-41fe-be0e-bc42f8e5bd41,,,,
e258c52c-75c7-464c-8674-66340a29d297,,,,
003c2bb8-70a7-4e81-9ade-2fb8b5ba0487,,,,
6acd3da4-3a69-44b4-90b1-cbded1f3729a,cloud-services,default,A 系列,A2
6ec21e9f-fc68-4f94-a02e-a6f5c66bb50e,cloud-services,default,A 系列,A6
3a55145e-62f0-4bb4-8159-e41443f56b9c,cloud-services,default, ,D5 v2
de906888-5097-4b18-80e0-56d8aba038b1,cloud-services,default, ,D3 v2
2f448a94-8147-4294-881b-84d616ba6119,cloud-services,default, ,D4 v2
4dca4ee9-9223-4a93-aa7a-b8d63c4cce91,cloud-services,default,Dv2 系列,D11 v2
154d76a9-c8cc-466e-b8a1-4bfb0a7b0cb2,cloud-services,default, ,D5 v2
c60db0cb-11f8-432b-b410-3902cc8d8536,cloud-services,default,A 系列,A1
048f06b9-9d71-4d2b-940e-bd4b32d55d0b,cloud-services,default,A 系列,A4
eeb8acac-76ea-48d1-bcaf-c8e36575475d,,,,
c3601923-b8db-4243-9600-5a746d39961d,,,,
4ca5e77d-c176-4a37-b3a4-6f4046518c7b,,,,
82066fc4-9688-4d29-b50c-5dbf3dbad073,cloud-services,default,Dv2 系列,D12 v2
494e1103-2c70-46a9-906c-080715e95299,,,,
7f258707-ef67-41bd-9469-9ffc2b61a932,cloud-services,default, ,D1 v2
b80056b5-6af6-443c-9ce5-fe2e577d1521,cloud-services,default,Dv2 系列,D15 v2
ab81f8f5-dd6a-4e9e-b2ae-fceb79c58f2f,cloud-services,default,A 系列,A2
ea107df3-ed81-43a4-93ca-85dc6734ad54,,,,
0f901b9d-6fa9-426a-9590-d2924413c8e5,cloud-services,default, ,D5 v2
1f7726f2-0ab5-4a46-b4bf-24d0b0bd6c8a,,,,
658a22b4-f07e-46d5-93fa-ba67f56c3377,cloud-services,default,A 系列,A6
b2f312fa-a3de-4a4a-96c7-0c1cf4fde580,cloud-services,default, ,D1 v2
fce13ef2-7c79-4ac5-a73c-fbced5f56875,cloud-services,default,Dv2 系列,D14 v2
accd7779-ed42-4402-9115-590cc91ba85c,cloud-services,default, ,D4 v2
58231248-9370-44ce-9d83-9a99ad12b7d1,,,,
7a1b179b-c49f-4e9a-b130-acad40ed82b0,,,,
2c25e126-bca1-44a7-bd50-1a9fb70d58fb,cloud-services,default, ,D3 v2
d1b60c4a-516d-444f-8519-2cd3d27147bc,,,,
63836cf4-f142-4702-875d-0423839defb4,cloud-services,default,A 系列,A0
d4181f74-4046-401b-9168-e3211167445b,cloud-services,default,A 系列,A2
96c86a67-1c24-4dc7-bac7-925f97a5f83e,cloud-services,default, ,D3 v2
4a5e21b1-9fba-45ac-b374-f3c5ce690b41,cloud-services,default,A 系列,A4
8a72cc18-f690-438e-b77d-51195de7a551,,,,
f6bbf355-3406-40dc-8983-3fa94a466c0a,,,,
65e1a547-ca1f-42a8-b9dd-e290c579976e,cloud-services,default,A 系列,A4
a02d767d-d301-4890-944c-2d1201fed9db,,,,
7d00b59f-3460-40ff-a89c-324c644f77a1,cloud-services,default,A 系列,A1
848c6294-7343-41c8-a7d2-79d81a11da0a,cloud-services,default, ,D5 v2
9fe4d0cb-6731-49ad-9358-2d8587660e91,cloud-services,default,A 系列,A5
951e0599-a983-448d-8f72-cb366fa7596a,cloud-services,default,A 系列,A0
3d659c2a-bd20-4574-b305-2bfd864cf816,,,,
f3051f41-8827-47c0-af02-391f346bf821,,,,
2137cc71-7875-4d85-bd56-70c27cfbe16e,,,,
dcc0cff2-c425-42bd-98e2-b0d71ddc56ed,,,,
5d8d233d-16c9-4551-bfab-7a8a29b80635,cloud-services,default,Dv2 系列,D12 v2
e96ba86c-f49a-4a5a-ba06-8ed6cb6b2563,,,,
e932f3dc-b35f-42f0-b59c-d05defad0a78,,,,
dbb9aaa2-f44b-410d-97a7-5eb285eb0c26,,,,
e685d428-927b-4fb1-a225-681565dec84f,cloud-services,default,A 系列,A1
5d64cf92-2ca5-41a0-b5b4-537160d8b09f,cloud-services,default,A 系列,A5
22b100c0-8365-41be-a39d-b5cb405e9ae7,cloud-services,default,A 系列,A4
b8b11c98-f0ee-460b-9626-3bdd0cd62fa5,cloud-services,default,Dv2 系列,D13 v2
e28f9980-0a1f-4006-be38-da8eec7818fa,,,,
4e2031cd-635d-4d54-b9df-380fdcf63c07,cloud-services,default,A 系列,A0
7668bf28-d39a-480d-b0cd-a432d162b20f,cloud-services,default,Dv2 系列,D15 v2
4b7af575-3c99-4ab3-84c4-b61dbfc6732d,cloud-services,default, ,D5 v2
80edf852-7701-45cf-aa74-67e900c190dd,cloud-services,default,Dv2 系列,D15 v2
094852c3-b5da-42c0-b6c3-6c320e5301eb,,,,
afc5f08d-34be-47b5-b394-a3211a810d5a,,,,
109063c3-f812-46be-a3e4-a62e06171fc6,cloud-services,default,A 系列,A3
ccebc82a-8a1e-4e68-b226-72b4d8ef3c7a,,,,
59a69bac-2338-4521-8b15-1708093b7615,cloud-services,default,Dv2 系列,D15 v2
5247145f-8faf-4c33-abdb-c527a3e10c5c,,,,
babdfb96-4eb3-47e5-9add-30a06b65a7c8,cloud-services,default, ,D1 v2
e7cc5499-e93e-4f4f-b311-7ff2de78858b,cloud-services,default, ,D4 v2
01778ecd-15f6-434a-96c2-07fd540d312d,cloud-services,default,Dv2 系列,D13 v2
91e3e03f-973f-4594-8a5d-b2a26d712a7c,cloud-services,default,A 系列,A5
b65a815f-330a-42a9-aca9-71def78a0435,,,,
4ee3e365-90f9-4630-b38f-ed6986135acd,,,,
a35c5774-1850-41f2-8368-e388e7f106b3,,,,
1bd1dec6-11ca-4e45-9160-d30d4f028011,,,,
4f47ebee-5501-4e95-be52-0e923987ed83,cloud-services,default, ,D4 v2
8ba53379-2d64-4ef7-9a39-48a71212d293,cloud-services,default,A 系列,A0
31409cfe-275a-4e00-8a23-ecdcba10c268,,,,
0245ef75-e0d0-4bdd-91d7-8d3dc3ba5dba,cloud-services,default,Dv2 系列,D11 v2
c71c2203-0303-422d-b362-fe5145fc4bee,cloud-services,default, ,D2 v2
e8ad4c88-ae0f-498e-8f47-f67b291bba59,,,,
2cc19612-cf8a-4c19-90f7-390512f2b378,cloud-services,default,Dv2 系列,D13 v2
38b060a8-faeb-421b-a0a8-4d36bd92c247,,,,
770f4652-d1f5-4e4d-9ef1-1ec3e32e0764,,,,
fb38caa1-2aa6-4a4c-8c0d-b04ff1bb0669,,,,
d37cd98b-3c44-41a2-9d44-a67f6a39916d,cloud-services,default, ,D3 v2
19f8f99b-4b46-4ddd-9170-1799c7d98fc1,cloud-services,default,A 系列,A4
3227f584-efdf-4a26-9986-11abb2a697ea,,,,
ede94c8d-9206-4723-b5f5-f009180e76b8,cloud-services,default,A 系列,A0
7c4f3ede-7154-42d5-8c7e-dfd28438c5fd,cloud-services,default,A 系列,A3
c8556bb9-c013-498b-95f0-5740bef731ba,cloud-services,default,A 系列,A1
9be55b2d-be4f-4b0c-aaa4-30643ba62343,cloud-services,default,A 系列,A4
cf76581f-7183-44e7-9a6b-7bc960c8db59,cloud-services,default, ,D2 v2
675fb310-859d-48e8-b55d-4eb0574603da,cloud-services,default,A 系列,A0
528724dd-b8b5-44a8-9afe-5bfd499817ee,cloud-services,default,Dv2 系列,D12 v2
153c9c37-2689-4299-be94-56a542698dc9,,,,
51fa353b-1b3f-4fa8-878f-1afeacc210ab,cloud-services,default,Dv2 系列,D15 v2
62c66f65-0bc1-4e66-b98f-b2df055a45d1,cloud-services,default,Dv2 系列,D14 v2
e326f0f7-e9c7-4ece-8fb1-c85cd05021eb,cloud-services,default,A 系列,A5
fe6418a1-ea5e-48b6-8728-63fa1e156695,cloud-services,default,A 系列,A7
b2745f89-eb16-4c4f-808e-6c9d273b76ca,,,,
4b1c71bf-a2aa-4113-8eb7-bcf182f3eae3,cloud-services,default, ,D3 v2
a0982254-7423-42c0-b8af-28b6b5be8ad1,,,,
e687a2a0-483d-4641-906f-500dbe35febf,,,,
f6fa3fdf-cbec-442b-b98d-4fc132be16eb,cloud-services,default,A 系列,A3
e9661e43-c9ad-424c-a71f-a67c5723d072,cloud-services,default,A 系列,A6
37efc94d-87bb-4441-a90c-018de5a4adce,,,,
cecffc94-889f-4475-b62f-9ec980c406f7,cloud-services,default,A 系列,A5
f6030dbd-ecf8-4535-a6dd-bdcd32719b01,cloud-services,default,A 系列,A3
e819f9d8-4ce1-4c33-b793-78011e7348c9,cloud-services,default,A 系列,A4
52cda397-f889-4dad-a069-0d8be331a3ba,cloud-services,default,A 系列,A0
8e889735-ed7b-4237-83f9-af2fdfec4207,cloud-services,default,Dv2 系列,D15 v2
f598ae38-36f3-47a5-8fe4-1f655c9e8ac8,,,,
10a91d0b-4e71-447e-9426-9de0791dc36c,cloud-services,default,Dv2 系列,D15 v2
f3aa3d64-d8e2-47ae-a6de-e527ac26d856,cloud-services,default,Dv2 系列,D12 v2
33b7e428-9425-4c48-904c-893c3c53d7f4,,,,
5a559e39-54f3-4d68-bb80-376cc16e8153,cloud-services,default,Dv2 系列,D15 v2
9d81c74d-7a64-4601-b45c-0008a1054cd3,cloud-services,default,A 系列,A5
02cdef9d-9289-40b3-aca8-15c7ffa905d4,,,,
4f48803a-f781-4d04-b644-a272ff8d68de,cloud-services,default,A 系列,A2
37c72241-b376-41b8-9272-a4247e09e9c6,cloud-services,default,A 系列,A3
df71375a-2306-4c01-9469-2a15a2c69619,,,,
31281e3f-641c-4d4d-9b70-3a27437a9aa9,,,,
593d1a2a-2304-495d-b16a-d9e3ed0d01ea,cloud-services,default,A 系列,A0
e2650bb4-bcfb-4a70-a956-d8e060e3810f,cloud-services,default, ,D3 v2
80d2459f-0e26-46c7-9d9a-28f65543951a,cloud-services,default,A 系列,A4
048b1881-e3ab-4325-9e2b-b754401c2636,,,,
9d57c036-8bb9-4ef3-b81e-c90c0727b08d,,,,
3e41f77f-2d9e-4c49-bede-43c0fec13dba,cloud-services,default,A 系列,A4
a3993af2-fbc8-4106-a255-8e61cf37c106,cloud-services,default,A 系列,A5
bd868b15-d9b5-454e-9d4c-63ec3e409f1a,cloud-services,default,A 系列,A6
0b26ac36-5ac3-450d-a942-0fd60e4192c8,cloud-services,default, ,D3 v2
97ecb465-b05a-49b3-8c72-b0455788b7ca,,,,
bb5b2483-4a4c-46df-a145-b1a4b13fb74c,,,,
3da3a020-24fd-409a-a2c9-1a87bedfc2d7,cloud-services,default, ,D4 v2
846a8779-1ec8-48bb-acaa-d75d065d985a,cloud-services,default,A 系列,A6
a5cf8844-b8f9-489a-b6df-983a4bab1086,cloud-services,default,Dv2 系列,D12 v2
21d907f2-ec6c-453a-a323-fae5c59fa48b,cloud-services,default,Dv2 系列,D12 v2
538045a5-7281-477c-b20d-112f92954a07,cloud-services,default,A 系列,A1
014a710e-54b6-44a9-b0b7-184f825e3544,cloud-services,default,A 系列,A6
af68cdc4-8795-4b3d-a360-5fdde7241f05,cloud-services,default,A 系列,A7
9b075707-7e5a-4450-b506-30e0af826555,cloud-services,default, ,D4 v2
174204f5-c929-422a-a36f-e82a07399940,cloud-services,default,Dv2 系列,D12 v2
433f8899-8f34-4120-a266-39649d1ef24e,cloud-services,default,A 系列,A5
83d33c69-c5d3-4f47-97e1-d8ce13a17c07,cloud-services,default,Dv2 系列,D14 v2
0b8d746a-034b-42bc-affa-4cc1cf11bed1,cloud-services,default,A 系列,A1
e0d57bc5-e150-4955-b95c-fb2fadab34d9,cloud-services,default, ,D2 v2
bcd933e5-a830-4eb2-8b16-17f996003680,cloud-services,default, ,D2 v2
15b7ec1e-eae4-414c-bf11-a9f1dc094fd0,cloud-services,default,A 系列,A6
