f739d07a-8275-4648-959f-1d7709a70261	sql-database-basic-standard-and-premium	高级	default	P1	31
a07aea46-15ab-4d22-86b4-0f4e31417117	sql-database-basic-standard-and-premium	高级	default	P4	31
4861de92-8d75-4194-9251-4ac203cc5788	sql-database-basic-standard-and-premium	高级	default	P1	31
505c4dba-aef8-4ef3-b96f-278d26000e80	sql-database-basic-standard-and-premium	标准	default	S2	31
34b1ff9d-ff18-4e62-af3f-9c63b26a4978	sql-elastic-database-basic-standard-and-premium	高级	default	125	3875
f0076a96-54c4-4254-9a42-a56fa2c086f5	sql-database-basic-standard-and-premium	高级	default	P2	31
95cd9c70-2d61-44f3-8009-b8b103fd6ee0	sql-database-basic-standard-and-premium	标准	default	S0	31
15b74273-453f-47d0-8b63-a4a7fa4e8d9c	sql-database-basic-standard-and-premium	高级	default	P1	31
49d4804e-2cc3-47c9-bf9e-4094875708b5	sql-database-basic-standard-and-premium	标准	default	S1	31
3eb5171c-9adb-4ae3-9ef8-b52c410afff3				
eb0aaca4-70df-40c0-a1d6-ceddd8acb215	sql-database-basic-standard-and-premium	高级	default	P2	31
a09d8362-a45a-40df-b4f2-fa9ecfa230f9	sql-database-basic-standard-and-premium	高级	default	P1	31
a901e8f6-0e44-485e-9f81-b915e9504ff5	sql-database-basic-standard-and-premium	高级	default	P1	31
94600900-14cc-4eaa-b478-f5729db4faf2	sql-database-basic-standard-and-premium	标准	default	S2	31
30c12030-ba2a-466b-9630-cee4dd32413e	sql-database-basic-standard-and-premium	高级	default	P1	31
99604f9d-696d-48e9-9c6f-c8079cff31dc	sql-database-basic-standard-and-premium	标准	default	S2	31
36a471d0-6947-4766-8fcf-bcc5bbc98076	sql-database-basic-standard-and-premium	高级	default	P1	31
a575220c-735c-463b-83c9-8b6c6b340691	sql-database-basic-standard-and-premium	标准	default	S1	31
8eb2ec78-415b-4822-9d46-e99e6797e346	sql-database-basic-standard-and-premium	标准	default	S3	31
1e2ef9a9-b011-49de-9097-e20558abd997	sql-data-warehouse	≤600	DWU	100	744
a206857d-3d4a-4d41-bb8d-9167c60573e1	sql-database-basic-standard-and-premium	标准	default	S3	31
898849c4-1365-4efb-aa8e-bf0205ce4d94	sql-database-basic-standard-and-premium	高级	default	P1	31
05145407-d741-4e4c-aa74-141a3610e059	sql-database-basic-standard-and-premium	标准	default	S0	31
603fae4d-a396-4918-a735-ccf9e0f554ad	sql-database-basic-standard-and-premium	标准	default	S2	31
b5d2552e-2184-4a9d-acbf-ecec7cb13631	sql-database-basic-standard-and-premium	高级	default	P1	31
1478c14c-1568-4a67-8a1e-3ae50f4284c1	sql-elastic-database-basic-standard-and-premium	基本 	default	100	3100
11401df8-e39e-47f9-bfe8-6d0ae757a180	sql-database-basic-standard-and-premium	高级	default	P1	31
fce5434d-919d-448e-9bac-334f6224da59	sql-database-basic-standard-and-premium	高级	default	P1	31
cdfab75e-a15e-4326-a99a-527bccef8f80	sql-database-basic-standard-and-premium	高级	default	P1	31
7ccc62c9-ad67-40a8-8f53-086670077511				
608d3507-d03f-4235-a89e-260deb2f306b	sql-elastic-database-basic-standard-and-premium	高级	default	125	3875
6bd4c67e-ec09-4766-918d-49bdfd273204	sql-database-basic-standard-and-premium	高级	default	P6	31
8482b9d1-8fe9-4daa-9296-e5c93a9c0da6	sql-data-warehouse	≤600	DWU	100	744
7f5af31b-4d7b-4f43-ad20-9613daf39e40	sql-database-basic-standard-and-premium	高级	default	P1	31
a22c3519-1734-4cb7-8e8c-60684ae5a1bc	sql-database-basic-standard-and-premium	高级	default	P4	31
ca052728-507e-43c4-a9db-9fa115ac4a5e	sql-database-basic-standard-and-premium	标准	default	S0	31
682a0316-5b92-42e6-b76e-3515970270aa	sql-database-basic-standard-and-premium	高级	default	P1	31
d6a5e999-fa77-4dd9-ac49-8589fa05c400	sql-database-basic-standard-and-premium	高级	default	P4	31
7f8e650f-f8e0-45a4-8a27-ee12fa93fb25	sql-database-basic-standard-and-premium	高级	default	P2	31
174deba4-f676-4e38-8d31-c35b68683b7b	sql-database-basic-standard-and-premium	高级	default	P1	31
0e08de02-4dcb-49ba-81b7-3456af4377cf	sql-database-basic-standard-and-premium	高级	default	P1	31
e4ad1fd5-6d02-4120-995e-54f773cff8f8				
8776da1f-f73e-4c5d-a766-8ccbc365330f	sql-database-basic-standard-and-premium	标准	default	S3	31
24c6cbe2-7202-4167-b882-ad2c400eb399	sql-database-basic-standard-and-premium	高级	default	P2	31
6c56768f-ee88-4b44-b40e-6c97f9982260	sql-database-basic-standard-and-premium	标准	default	S1	31
f2a46495-36d9-4dcc-98ab-52155e374fc1	sql-database-basic-standard-and-premium	高级	default	P4	31
9b1fb262-0ef5-4fda-9f72-77d8858f6ab8	sql-database-basic-standard-and-premium	标准	default	S3	31
fd2bf4f6-fc0e-4083-8ddf-e0227ce8adf5	sql-database-basic-standard-and-premium	标准	default	S3	31
8ad22d59-349e-4296-92fd-1f8d748cb98c	sql-database-basic-standard-and-premium	高级	default	P6	31
e8f03dca-a621-4c3a-bfde-0acc3ed8b072	sql-database-basic-standard-and-premium	高级	default	P2	31
35f3c7e7-10ab-49db-ac73-44d936470ca5	sql-database-basic-standard-and-premium	标准	default	S2	31
91913e43-6e39-4924-9d87-eaf75fbbc858				
b6561f0f-da1c-4ffa-bef4-fa6a25586363	sql-database-basic-standard-and-premium	标准	default	S3	31
5a8fc448-d672-4dfc-834e-9e8b3f2993b6	sql-database-basic-standard-and-premium	高级	default	P6	31
5983e870-e59d-443a-829d-13530a2ee1c2	sql-database-basic-standard-and-premium	高级	default	P4	31
23c8e98f-5028-4330-9cfc-777e2a207f83	sql-database-basic-standard-and-premium	标准	default	S2	31
21510b9c-69a8-4a84-902e-8d6b735c5ff4	sql-database-basic-standard-and-premium	标准	default	S0	31
0dd27cb3-dc33-4ca1-a601-482ff4917012	sql-database-basic-standard-and-premium	高级	default	P1	31
8fc8af7f-3909-4aae-9682-43f76a019101	sql-database-basic-standard-and-premium	标准	default	S3	31
9b1933c2-76eb-4cd6-83eb-6b7ea4ff7aca	sql-database-basic-standard-and-premium	高级	default	P2	31
0dfd69d2-e486-40b1-bdda-2ab5e6f043cf	sql-database-basic-standard-and-premium	高级	default	P4	31
f0e62846-0dff-4313-b14e-c7867f779fb0	sql-database-basic-standard-and-premium	标准	default	S0	31
1720e6f8-8efb-4608-a2cf-1975ec5466f7	sql-database-basic-standard-and-premium	高级	default	P1	31
a8fcd27d-ff1b-44d2-a9d6-cf6773a60aee	sql-database-basic-standard-and-premium	高级	default	P1	31
837830bd-b8f1-454d-a085-c5c6bdcc4bf9	sql-database-basic-standard-and-premium	高级	default	P1	31
83b369ee-aa29-4b3a-9421-b8e7ffa27fbe	sql-database-basic-standard-and-premium	高级	default	P1	31
48f97703-133e-47e8-acd2-0e6fcbfc82bb	sql-database-basic-standard-and-premium	高级	default	P1	31
3da168a6-d35d-46c1-8eb6-0ba6c4affec9	sql-database-basic-standard-and-premium	高级	default	P1	31
ed5ea410-f2d6-45fa-9fcc-5ff1621c874d	sql-elastic-database-basic-standard-and-premium	基本 	default	100	3100
e6ea4199-b8f8-43a0-8328-b7501db904cd	sql-database-basic-standard-and-premium	标准	default	S3	31
8a604ddb-fc0b-4128-9068-6ac46bcd0483	sql-database-basic-standard-and-premium	标准	default	S1	31
4742b266-e4d5-41f8-a0db-2729b86b6a7d	sql-database-basic-standard-and-premium	高级	default	P1	31
c40beff6-983d-4dc7-9be6-16d19a9fad7a	sql-database-basic-standard-and-premium	高级	default	P6	31
dd364a43-b62b-488e-b4cc-f32eb80ef3e9				
f11f905e-ea54-4f25-8547-46e0e8cd9575	sql-database-basic-standard-and-premium	标准	default	S1	31
d0b04ace-4151-4dc3-94fb-89346c04b8e2	sql-database-basic-standard-and-premium	高级	default	P1	31
9952ec9f-916b-46f6-816f-4a1fef973327	sql-database-basic-standard-and-premium	高级	default	P1	31
a27a89b0-76d1-4b4f-a39d-76f469f01b70	sql-database-basic-standard-and-premium	标准	default	S3	31
c59e5174-b0f7-4b9d-84f6-901b6777f387	sql-database-basic-standard-and-premium	高级	default	P4	31
a2614b07-eb8f-443c-8f4e-1b3be07eab51	sql-database-basic-standard-and-premium	标准	default	S2	31
314ac17c-0b11-4513-8be2-363b9fe40e77	sql-database-basic-standard-and-premium	高级	default	P1	31
30cf8266-ff5a-4f43-aa52-fa4d080ee691	sql-database-basic-standard-and-premium	标准	default	S0	31
c59f00bc-78a3-44d1-80de-38d289063522	sql-elastic-database-basic-standard-and-premium	高级	default	125	3875
cc84f2f5-c33f-41c9-ba16-a616f9f9cadd	sql-database-basic-standard-and-premium	高级	default	P4	31
5eb50509-d65c-4f73-90a3-c6ee7d170e51	sql-database-basic-standard-and-premium	标准	default	S3	31
7f5d9ed6-3ee7-453c-85a7-8aa5212a949f	sql-database-basic-standard-and-premium	标准	default	S3	31
52c400e7-7180-481b-8aa7-5c021661d031	sql-database-basic-standard-and-premium	标准	default	S2	31
940e92c1-bdae-44b5-807c-c1ab2d3a05b7	sql-database-basic-standard-and-premium	高级	default	P1	31
aedf8420-cf6e-4d02-bea6-9470d4d35d86	sql-database-basic-standard-and-premium	高级	default	P1	31
c1ca5d61-2679-4721-91b5-d5d46e3e879a	sql-database-basic-standard-and-premium	高级	default	P1	31
234146dc-aa5d-4869-a6e9-8bba3469518a	sql-database-basic-standard-and-premium	高级	default	P1	31
a0a0ccfb-be28-4c4c-b790-b1d2c0bf9efc	sql-database-basic-standard-and-premium	高级	default	P2	31
2cf60c40-2347-4e28-8ac9-a8eba2c6c6f9	sql-database-basic-standard-and-premium	高级	default	P1	31
2712f78d-e46a-4917-b631-0b25463b7e69				
9854f879-aaf7-4ee5-bfb2-773778935894	sql-database-basic-standard-and-premium	高级	default	P4	31
550f587d-ac2e-43dd-90de-1fab41f5ba39	sql-database-basic-standard-and-premium	高级	default	P1	31
dfacce61-cae1-44de-9c39-1ada59995bda	sql-data-warehouse	≤600	DWU	100	744
be96e328-4711-4481-9eeb-a74e22ca7db0	sql-database-basic-standard-and-premium	标准	default	S3	31
e39c3838-26f3-48cc-943e-59847da39886	sql-database-basic-standard-and-premium	标准	default	S2	31
f42c8e3f-f071-417b-9ca1-b61e258dd898	sql-database-basic-standard-and-premium	高级	default	P4	31
da3b2fcb-7438-4f14-ab45-e0d20a4eca50				
4e9ac498-5cae-47c4-a56e-81bf98dc47b9	sql-database-basic-standard-and-premium	高级	default	P6	31
524d6c11-79ad-4ace-ba3a-7c23a4823aaf	sql-database-basic-standard-and-premium	高级	default	P4	31
a8049401-f714-419e-865a-824817f9dae1	sql-database-basic-standard-and-premium	高级	default	P1	31
a251032a-48b2-400c-8ebd-3c53f513cd77	sql-database-basic-standard-and-premium	高级	default	P1	31
dadee234-c5ef-47e0-bdea-5c3ba14f0a49	sql-database-basic-standard-and-premium	高级	default	P6	31
e3e8ad1e-318a-4438-8a9d-2d7a03d09294	sql-database-basic-standard-and-premium	高级	default	P4	31
de330655-17ee-423c-8dde-a1a7ecbd7ee5				
345ad7b8-47cf-4fbc-9817-7863abd2af4c	sql-database-basic-standard-and-premium	高级	default	P6	31
81081980-07ad-4f03-a8f6-351cabe34d39	sql-database-basic-standard-and-premium	标准	default	S2	31
911f7f64-6ce5-4154-886d-755fb62826c9				
c02d68cf-36b2-476b-8854-66fcf7c4a921	sql-data-warehouse	≤600	DWU	100	744
fa70198c-dfa3-40c3-835b-e2677dce2d91	sql-database-basic-standard-and-premium	标准	default	S1	31
b2cffe2c-fa49-41e5-bdf8-59f74b3cb770	sql-database-basic-standard-and-premium	高级	default	P1	31
e1712dd6-f8d8-49e6-8448-4467a70a8f7a	sql-database-basic-standard-and-premium	高级	default	P4	31
ea198b4e-440e-434f-8370-ec7d67ae60d2	sql-database-basic-standard-and-premium	标准	default	S3	31
473a1dd1-c687-4e65-b886-f3d7332f3aa0	sql-database-basic-standard-and-premium	高级	default	P1	31
c4721d3f-e7d3-4b5c-8f86-c5b533b8936b	sql-database-basic-standard-and-premium	高级	default	P2	31
309791ed-430a-4013-9b05-8e8854ec0e01	sql-database-basic-standard-and-premium	高级	default	P1	31
45778e44-99e9-4a44-96cf-a8f629094ec1	sql-database-basic-standard-and-premium	高级	default	P2	31
f74a2215-1f1c-413d-929f-34c8df56b17d	sql-database-basic-standard-and-premium	标准	default	S2	31
69736010-807b-43e6-b519-a413cb864ca6	sql-database-basic-standard-and-premium	标准	default	S1	31
7d879c93-49bb-47b5-9a5a-e978129e7ff8	sql-database-basic-standard-and-premium	高级	default	P6	31
4b14a253-cdca-47a2-be9e-d082116f5e2d	sql-database-basic-standard-and-premium	高级	default	P1	31
eb1a5a41-fddf-4744-b23f-ca4f905a3422	sql-database-basic-standard-and-premium	高级	default	P4	31
eae9321f-81e2-49be-8506-24a8334f735b	sql-database-basic-standard-and-premium	标准	default	S1	31
83a0aee1-7c00-4ba1-beb5-0db0b3067bc2	sql-database-basic-standard-and-premium	高级	default	P1	31
76d38362-04a4-48f9-8fde-4d02595d51d2	sql-database-basic-standard-and-premium	标准	default	S0	31
c9a03571-1c92-4c4e-bcb2-05884a8b4682	sql-database-basic-standard-and-premium	标准	default	S1	31
df0df156-acdc-47e3-8d79-929d220af5d6	sql-database-basic-standard-and-premium	高级	default	P1	31
94f054a9-fd89-44b1-aa6b-704f68debb89	sql-database-basic-standard-and-premium	高级	default	P4	31
9448ebf7-0b51-47b0-8356-e10cd7868629	sql-database-basic-standard-and-premium	高级	default	P1	31
bb3e836e-34e2-443d-8b86-57da6711bf6a	sql-database-basic-standard-and-premium	高级	default	P2	31
b7afc61e-dca5-4508-bf1c-06ddad90d4c5	sql-elastic-database-basic-standard-and-premium	高级	default	125	3875
fe6db92c-824e-4334-a7d1-6b2adcbf7a65	sql-database-basic-standard-and-premium	标准	default	S1	31
a723b12a-d3e1-4572-ba2f-a0bda169d2ee	sql-database-basic-standard-and-premium	高级	default	P1	31
af1215fe-210e-430c-93ca-cdbd568ff09b	sql-database-basic-standard-and-premium	高级	default	P6	31
0e56214f-e5f8-4a8d-8a16-487376556597	sql-database-basic-standard-and-premium	高级	default	P2	31
83748406-4145-48e0-a8a7-51ff5f1500a2	sql-database-basic-standard-and-premium	标准	default	S2	31
a9d73689-c3d8-4b76-be02-a972287443e9	sql-database-basic-standard-and-premium	高级	default	P1	31
fe72f2b5-30f6-4fd5-966c-5cda70a7f8a4	sql-database-basic-standard-and-premium	高级	default	P6	31
f18caa33-54d7-4337-b909-1a0f268d9df6	sql-database-basic-standard-and-premium	高级	default	P1	31
adc54be1-0921-481b-90c3-2d7938e4c5ff	sql-database-basic-standard-and-premium	标准	default	S0	31
0146deaf-f348-4c60-a0f9-6fbcc1843b75	sql-database-basic-standard-and-premium	高级	default	P1	31
84347b15-0694-4b7b-952b-865bb238b196	sql-database-basic-standard-and-premium	标准	default	S2	31
5e87a460-80ae-4eb4-81f3-4344896797f3	sql-database-basic-standard-and-premium	标准	default	S2	31
47eaf23f-7713-4b0c-9c1b-fe064ef77c9e	sql-database-basic-standard-and-premium	标准	default	S2	31
4072057f-b2b2-4c2e-ad12-716181e57e64	sql-database-basic-standard-and-premium	标准	default	S0	31
b8e5192e-e4a3-4933-913d-ba45913af932	sql-database-basic-standard-and-premium	高级	default	P1	31
4ac7ee83-215b-4da8-a309-fa833827734b	sql-database-basic-standard-and-premium	高级	default	P2	31
df908fa2-21e0-4890-9ad9-2df392d45122	sql-database-basic-standard-and-premium	高级	default	P4	31
56d56e01-f464-4b3d-b967-5302909db34c	sql-database-basic-standard-and-premium	标准	default	S2	31
11b1515c-7490-49a8-b32f-aae0cfa9c021	sql-database-basic-standard-and-premium	高级	default	P6	31
27e99b56-4e56-41f8-bd5c-3c07ab4393cf	sql-database-basic-standard-and-premium	高级	default	P2	31
670a674b-152c-46cc-8f44-c682f3b660bf	sql-elastic-database-basic-standard-and-premium	标准	default	100	3100
a149966f-73b4-4e1d-b335-d2a572b1e6bd	sql-database-basic-standard-and-premium	标准	default	S0	31
b47020d7-ff24-4cfd-8d80-df58bdd2ddda	sql-database-basic-standard-and-premium	高级	default	P1	31
0c09b186-a40f-4f4e-846a-da0b8b1b3802	sql-database-basic-standard-and-premium	高级	default	P1	31
19bc3ad8-f28a-4b47-a9dc-0a9e020fc3cd	sql-database-basic-standard-and-premium	高级	default	P1	31
ce1e156d-8253-42f4-bb9e-409708366fea	sql-database-basic-standard-and-premium	高级	default	P1	31
6a6a5344-8478-4803-b1c3-229d08c10383	sql-database-basic-standard-and-premium	标准	default	S0	31
ae11fbae-49aa-4713-aec7-372109c9931f	sql-database-basic-standard-and-premium	高级	default	P2	31
01a1aa40-44c1-4a90-9419-d596d8fbbe06				
c79b4618-2f93-4747-becd-e3f5a33d97bb	sql-database-basic-standard-and-premium	标准	default	S0	31
0e3167d0-f738-4026-aafe-3897f5e18abc	sql-database-basic-standard-and-premium	高级	default	P1	31
b72c99cc-65a6-4e96-9ade-88af0d90fec9	sql-database-basic-standard-and-premium	高级	default	P1	31
56a39682-a27c-4c5e-8e99-da2823a49e05	sql-database-basic-standard-and-premium	标准	default	S0	31
b167c343-39bf-43ec-90a6-e4e1b294c173	sql-database-basic-standard-and-premium	标准	default	S3	31
35d1d9ed-ef1a-4d42-8ce7-644981a88aef	sql-database-basic-standard-and-premium	高级	default	P1	31
21fcab3e-6854-4e4c-b58a-9ca7ac974a2e	sql-database-basic-standard-and-premium	高级	default	P2	31
7d497e63-48d8-4497-90ad-265412de9e25	sql-data-warehouse	≤600	DWU	100	744
1630dbad-d46a-448f-93e4-99e6c011b603	sql-database-basic-standard-and-premium	高级	default	P2	31
07501d86-23ee-4838-9a35-09e078fb151e	sql-database-basic-standard-and-premium	高级	default	P2	31
7d817d0a-603b-44a8-88c4-1ccdb91ab3ca	sql-database-basic-standard-and-premium	高级	default	P1	31
b995a3c4-b12f-41c6-b5bd-ce1ff071674d	sql-elastic-database-basic-standard-and-premium	基本 	default	100	3100
0769db22-26e5-4d92-8ce9-524db2233c31	sql-database-basic-standard-and-premium	标准	default	S1	31
0b128542-39e8-4f73-ac2a-6c1d6e69625f	sql-elastic-database-basic-standard-and-premium	标准	default	100	3100
3489054e-9396-4ea1-87e0-2f8eec691d48	sql-database-basic-standard-and-premium	高级	default	P1	31
f3c0aefb-b5b8-45f5-9350-e34d2597f3f1	sql-database-basic-standard-and-premium	高级	default	P1	31
41f2c58c-cd3b-4ca8-bb2e-8df3ebef92c9	sql-elastic-database-basic-standard-and-premium	基本 	default	100	3100
96021e96-fece-4efa-b97c-10c33ac77534				
9a17738c-a44d-4b21-9933-a0d9f641bd79	sql-database-basic-standard-and-premium	标准	default	S2	31
2638e2d5-1b48-4d70-babb-b3532f83033b	sql-database-basic-standard-and-premium	标准	default	S0	31
6bafdc11-b964-4895-9d4e-a0e548db1b2b	sql-database-basic-standard-and-premium	标准	default	S3	31
fc4bbee0-9ba0-433a-8731-66fdab16a591	sql-elastic-database-basic-standard-and-premium	标准	default	100	3100
c761fd09-4df5-4e41-ad54-ca093f8840a2	sql-database-basic-standard-and-premium	高级	default	P1	31
76f9882b-7d4a-4356-804f-99a392b50bed	sql-database-basic-standard-and-premium	高级	default	P6	31
18ec36e4-d126-40b6-b06a-53e8bf18309d	sql-database-basic-standard-and-premium	高级	default	P1	31
27722013-7a53-4a35-8272-9ae43b946965	sql-database-basic-standard-and-premium	高级	default	P1	31
57c0000e-9352-4bcb-8b3b-b2852dec9415	sql-database-basic-standard-and-premium	高级	default	P2	31
c9157d13-bf43-41ad-b270-f5d6dbf336ea	sql-elastic-database-basic-standard-and-premium	高级	default	125	3875
97357084-5a7c-4aa9-bfaf-f66c6fe4cc93	sql-database-basic-standard-and-premium	标准	default	S3	31
9739fb42-3356-4f9e-9252-de0ec10c0cd8	sql-database-basic-standard-and-premium	高级	default	P1	31
5df0b68a-14df-4e53-b4d7-80a5d839a07e	sql-database-basic-standard-and-premium	高级	default	P6	31
83271eb6-c541-4bc4-b61b-9f08e8142e21	sql-database-basic-standard-and-premium	高级	default	P1	31
bb9d368d-dbf5-45bd-9c8a-91498325c5c9	sql-data-warehouse	≤600	DWU	100	744
a2b5bb2d-f4c6-4e96-8e61-bfdcae9166c0	sql-database-basic-standard-and-premium	高级	default	P6	31
2c7f8a5d-fb5b-4673-b20a-ad0197a6e445	sql-database-basic-standard-and-premium	高级	default	P1	31
2a3fdbe6-adaf-4590-b938-8b96b6a60893	sql-database-basic-standard-and-premium	标准	default	S1	31
6316109e-0e71-422e-a8f7-b744a37d1960	sql-database-basic-standard-and-premium	标准	default	S3	31
001ab818-afd5-44fc-9644-45c055e53e2e	sql-database-basic-standard-and-premium	高级	default	P1	31
ec9c3c03-f0c9-4bbd-95af-1c141ba033e4	sql-database-basic-standard-and-premium	高级	default	P1	31
4da9deaa-6718-460c-a61a-278433741340	sql-database-basic-standard-and-premium	高级	default	P1	31
a97262bb-334c-47dd-9074-7c1012519d00	sql-database-basic-standard-and-premium	标准	default	S0	31
10192ffe-382f-4695-bbd5-fa4024be43e4	sql-database-basic-standard-and-premium	高级	default	P4	31
b26e25f3-b970-4e68-aa8e-cca97a646005	sql-elastic-database-basic-standard-and-premium	标准	default	100	3100
29d77a31-e360-483b-a3b3-3b4f3f05bc38	sql-database-basic-standard-and-premium	高级	default	P1	31
ebf7cc26-6b9a-41d3-8768-d890fe566e00	sql-database-basic-standard-and-premium	高级	default	P1	31
7587fb8a-4434-4700-aaea-f51b24991de7	sql-database-basic-standard-and-premium	高级	default	P2	31
9611d0a7-e5d6-49d7-8800-77472ef4a492	sql-database-basic-standard-and-premium	标准	default	S3	31
f303a21a-05f1-4563-b2ad-7523eebc4058	sql-database-basic-standard-and-premium	标准	default	S2	31
757d2cbf-578c-4560-8d2b-5ddb262e179f	sql-database-basic-standard-and-premium	高级	default	P1	31
85996f69-8c46-4eab-826d-1fde2d37987b	sql-database-basic-standard-and-premium	高级	default	P1	31
a0005480-a936-4a70-80ec-d3e8f5b27519	sql-database-basic-standard-and-premium	高级	default	P1	31
dc766448-422a-43cf-9fd6-00e5e9007159	sql-elastic-database-basic-standard-and-premium	基本 	default	100	3100
84969491-ca1a-4413-82c6-8b35ee5852b6	sql-database-basic-standard-and-premium	标准	default	S0	31
c46a6b69-0318-4237-81ca-2f59d6cd40ce	sql-database-basic-standard-and-premium	高级	default	P6	31
dc11493f-ecbe-4cfa-bb70-9350cd3f3bc7	sql-database-basic-standard-and-premium	高级	default	P6	31
03bd7742-b66a-47ce-bde4-2b0c37334ca4	sql-database-basic-standard-and-premium	高级	default	P1	31
71164b2b-6eb4-4ce9-af84-9f5b9067f66c	sql-database-basic-standard-and-premium	标准	default	S3	31
89832013-beee-46c8-bec0-0ade009afd4d	sql-database-basic-standard-and-premium	高级	default	P1	31
91fa5b91-a5c5-4e72-af7c-461c8e0aaaf1				
c93b3016-1dfe-4347-a67c-1bc6a1ffcd36	sql-database-basic-standard-and-premium	标准	default	S1	31
36216e45-b7d8-42f2-9a52-241e8eb1129d	sql-database-basic-standard-and-premium	高级	default	P2	31
515c0fd0-e2e9-4865-acbc-e13bac953ef2	sql-database-basic-standard-and-premium	高级	default	P2	31
6decd9c0-f04d-47ab-bdf5-57ea8e352d62	sql-database-basic-standard-and-premium	高级	default	P2	31
c6936549-1eeb-4b49-ace5-d00f3b517135	sql-database-basic-standard-and-premium	高级	default	P1	31
a88483d9-22a1-4957-ba20-45286b69ef2b	sql-database-basic-standard-and-premium	标准	default	S0	31
a501ea5a-1873-439e-8a37-82e5429ee4e0	sql-database-basic-standard-and-premium	标准	default	S3	31
11dc0654-64fc-462b-ac12-54a2b6d2cd71	sql-data-warehouse	≤600	DWU	100	744
016284cd-2b47-4ba4-9f41-2b3b26ee7d6e	sql-data-warehouse	≤600	DWU	100	744
0fdca191-26a1-4cd1-b31b-f2e928dbbfeb	sql-database-basic-standard-and-premium	高级	default	P2	31
19a35a32-daa5-4f03-8feb-0151ed734a17	sql-data-warehouse	≤600	DWU	100	744
8d2a1442-ebeb-42b2-b250-db4ef542a0fa	sql-database-basic-standard-and-premium	高级	default	P1	31
98d93f1c-7f95-4620-a44d-5e851006452f	sql-database-basic-standard-and-premium	高级	default	P6	31
fe7a13af-d09a-4dc9-87f5-4360b9e3e84e	sql-data-warehouse	≤600	DWU	100	744
23581df3-94d7-4621-8507-b1c7cb4b6d27	sql-database-basic-standard-and-premium	标准	default	S3	31
fed0286c-5505-4f37-b1ef-89edf04239ee	sql-database-basic-standard-and-premium	标准	default	S0	31
1f058da3-d14c-41ea-9c45-067e4bb42fa3	sql-database-basic-standard-and-premium	标准	default	S0	31
b2d3ed0d-64b0-4a41-8c5a-cb49dfbb84f9	sql-database-basic-standard-and-premium	高级	default	P2	31
4d0833ba-44fb-4b4e-823d-403828abc33b	sql-database-basic-standard-and-premium	高级	default	P6	31
39df9b84-10b8-47da-b32a-0095e17b224e	sql-database-basic-standard-and-premium	高级	default	P1	31
29a85632-02ed-49ba-9b9b-21a11ea17b45	sql-database-basic-standard-and-premium	标准	default	S1	31
0e3a3c0c-b919-46d0-af96-c53285007dd2	sql-database-basic-standard-and-premium	标准	default	S3	31
c82d4ba0-9629-45ff-9f73-a9e64afef5f4	sql-database-basic-standard-and-premium	高级	default	P1	31
863d4bfe-32b4-48be-818e-d04b3ea6ff3b	sql-database-basic-standard-and-premium	高级	default	P1	31
8adbecba-6230-4c52-b6cd-b843211af131	sql-database-basic-standard-and-premium	高级	default	P1	31
7befeed2-59c7-4292-a6dc-50e6fcddce5d	sql-database-basic-standard-and-premium	标准	default	S2	31
0cb00706-43b0-4b01-bc1a-10acdd870991	sql-database-basic-standard-and-premium	标准	default	S3	31
d4f972f8-636c-4fa4-96dd-67d78ec1ff18	sql-database-basic-standard-and-premium	高级	default	P1	31
aed66f98-ea48-44e9-a316-47c404301c86	sql-database-basic-standard-and-premium	高级	default	P1	31
462c0174-6967-4e09-a765-24fa53e0c582	sql-database-basic-standard-and-premium	标准	default	S3	31
1c9ea023-1af0-4dc1-bcaa-40e854230fc5	sql-database-basic-standard-and-premium	标准	default	S0	31
8aaffdfe-1709-420e-b847-017242cf7a5d	sql-database-basic-standard-and-premium	标准	default	S2	31
57b0ca21-389e-40ea-84c3-79a2724e8308				
546766c8-64f6-41ba-9131-5fac73e1339f	sql-data-warehouse	≤600	DWU	100	744
178593fe-7927-40e3-9096-38baeb7d33b4	sql-database-basic-standard-and-premium	高级	default	P1	31
c45efe27-dbc4-4757-a514-10872a8e754f	sql-database-basic-standard-and-premium	高级	default	P4	31
ba7a1dfb-f2de-4363-a6b5-75b4f8f6b8ab	sql-database-basic-standard-and-premium	高级	default	P1	31
3ab7e5ec-71c8-4505-aa09-000a5645dab2	sql-database-basic-standard-and-premium	高级	default	P1	31
0c96f430-3773-4acc-bbfa-5a0f67b25d45	sql-database-basic-standard-and-premium	高级	default	P4	31
dc0f7040-7861-4e1b-b9f4-07bbf009c117	sql-database-basic-standard-and-premium	标准	default	S2	31
bb138fb6-f26d-484c-bc6d-3310f7eb29f8	sql-database-basic-standard-and-premium	高级	default	P1	31
9a4aa17c-cdea-4948-bc62-4a22d1299b25	sql-database-basic-standard-and-premium	高级	default	P1	31
90616ca2-ad11-4399-ac22-538d2b55ff5e	sql-database-basic-standard-and-premium	标准	default	S2	31
8c7af25c-7844-4e64-9ccc-d18cdf4c0894	sql-database-basic-standard-and-premium	高级	default	P2	31
c61d4186-f542-4ddc-af12-68e97afef4b1	sql-elastic-database-basic-standard-and-premium	标准	default	100	3100
df14d9be-1b23-4e6d-bf70-4a4f0071025d	sql-database-basic-standard-and-premium	高级	default	P6	31
a6dcb69a-9f5e-4c8a-9e39-0adc138b1278	sql-database-basic-standard-and-premium	标准	default	S1	31
8521220d-807f-4f58-9b1e-bf6ae83ca011	sql-database-basic-standard-and-premium	高级	default	P1	31
322cc378-fdee-4abd-8c2d-b2692000f81d	sql-database-basic-standard-and-premium	标准	default	S0	31
7cb727f1-3834-45d4-92f5-d49e62641089	sql-elastic-database-basic-standard-and-premium	高级	default	125	3875
8bb670ad-5d59-4723-99d9-1e040a6c5b13	sql-database-basic-standard-and-premium	标准	default	S2	31
a8082c50-37ee-4195-b614-d4d408b615d0	sql-database-basic-standard-and-premium	标准	default	S2	31
3fc58fe4-0449-407b-8558-cfbdb6abd8d9	sql-database-basic-standard-and-premium	高级	default	P4	31
345f0352-30af-40fc-84de-f6bba1ab27a9	sql-database-basic-standard-and-premium	高级	default	P6	31
24b4ac5e-65f8-4136-b48d-15dbf86cb054	sql-database-basic-standard-and-premium	高级	default	P1	31
af32d3ed-94a1-40ee-a20d-975356b21d28	sql-database-basic-standard-and-premium	高级	default	P6	31
7405d69a-78d0-4205-be41-db7dea60aa1f	sql-elastic-database-basic-standard-and-premium	标准	default	100	3100
7ee5cf19-c864-4038-b4ad-bcfc8e63c508	sql-database-basic-standard-and-premium	标准	default	S3	31
753763fd-7c2e-4c10-8ea2-10be34d4e36d	sql-database-basic-standard-and-premium	高级	default	P2	31
35e2af9d-6f9a-4427-9813-33d617fb2858	sql-database-basic-standard-and-premium	高级	default	P2	31
ad4d0278-4c8f-4298-a99b-1952ec4440b9	sql-database-basic-standard-and-premium	标准	default	S0	31
a9e85b51-6dcd-4b1e-9079-7394410fa021	sql-database-basic-standard-and-premium	高级	default	P1	31
dd183633-4455-44e5-9258-bad3854c17b9	sql-database-basic-standard-and-premium	高级	default	P4	31
bed0aa77-9920-4a56-ac95-a0912a338e91	sql-database-basic-standard-and-premium	标准	default	S0	31
753b814e-f51e-4a40-89b9-64326323bb22	sql-database-basic-standard-and-premium	高级	default	P1	31
ce7867f9-3fb8-45b4-8eb4-914c7962dad5	sql-database-basic-standard-and-premium	高级	default	P1	31
6a168742-d7bc-4315-8d68-3eafc1ee0150				
2f29032f-38e6-4b02-b11f-af4d02e5d2da	sql-database-basic-standard-and-premium	标准	default	S0	31
b0834e3c-5dc4-4ed8-9835-05696a895dce	sql-database-basic-standard-and-premium	高级	default	P6	31
3f2a709d-5add-4461-9daf-ce44586676f1	sql-database-basic-standard-and-premium	高级	default	P6	31
433d1ed7-7014-400f-8165-c58c06a04adb	sql-database-basic-standard-and-premium	高级	default	P1	31
5d8cd12c-3288-44a3-b6a9-75bd52b919aa	sql-database-basic-standard-and-premium	高级	default	P1	31
6faa9139-4844-46cc-b961-d7b9a7750182	sql-database-basic-standard-and-premium	高级	default	P1	31
aa773dd2-51ff-41b0-a06e-7f49a68c8699	sql-database-basic-standard-and-premium	高级	default	P4	31
9f3b839f-4463-4749-a7dd-4ebf8d378142	sql-database-basic-standard-and-premium	标准	default	S0	31
c0798977-f486-4a4a-aea7-06c9c6155506	sql-database-basic-standard-and-premium	标准	default	S1	31
6232586a-5a0e-4162-9776-010ed4bb000d	sql-database-basic-standard-and-premium	标准	default	S2	31
96105def-6396-4a25-8696-732db318c750	sql-database-basic-standard-and-premium	标准	default	S1	31
9ac5ce98-daaa-43e0-8003-a2738c79c16a	sql-database-basic-standard-and-premium	高级	default	P1	31
2150bedf-fb47-4146-aafa-57c042744431	sql-database-basic-standard-and-premium	标准	default	S1	31
86ad736d-989d-48a4-a498-4a87626b275a	sql-database-basic-standard-and-premium	高级	default	P1	31
b67f2b4f-02b0-4ad0-88d4-ac3f41eebbe2	sql-database-basic-standard-and-premium	高级	default	P4	31
d1246dc4-5f0e-44cf-838c-b631a9578f7b	sql-database-basic-standard-and-premium	高级	default	P1	31
4622fd57-1f81-42ef-b9a4-33dadd11752e	sql-database-basic-standard-and-premium	高级	default	P1	31
4312feca-f4bd-42d9-828b-d7a65f32d5e6	sql-database-basic-standard-and-premium	标准	default	S1	31
ccd398f9-39d1-4b36-bfa2-fcb90bd859d6	sql-database-basic-standard-and-premium	高级	default	P1	31
7c7d6a94-b6b6-4e36-adb3-1f673c7e7129	sql-database-basic-standard-and-premium	高级	default	P1	31
ff669cec-98a6-403c-ab6a-8642e2b249e6	sql-database-basic-standard-and-premium	高级	default	P1	31
382401f1-e439-48ac-842c-bb0933e2da38	sql-elastic-database-basic-standard-and-premium	基本 	default	100	3100
91905b98-178f-473d-b701-7ceba4c5017c	sql-database-basic-standard-and-premium	标准	default	S1	31
6f303b87-fccd-46c7-9789-ccf8fea267d9	sql-database-basic-standard-and-premium	标准	default	S2	31
57e6ef6c-9915-4a73-ba80-b19491aed497	sql-database-basic-standard-and-premium	标准	default	S0	31
81e99935-10eb-448c-8b28-b161d872c964	sql-database-basic-standard-and-premium	高级	default	P2	31
4fd45738-9a0e-4a95-b4d1-b81809af9f1e	sql-elastic-database-basic-standard-and-premium	高级	default	125	3875
560c52dc-c267-4416-a290-a89289d58490	sql-database-basic-standard-and-premium	高级	default	P1	31
9e4ccbd2-f157-4a20-8ba6-be70e33eb488	sql-database-basic-standard-and-premium	标准	default	S2	31
c51e22e4-edad-45a1-8721-f7f3c2de512d	sql-database-basic-standard-and-premium	高级	default	P1	31
97cd00d5-9aa1-472d-b196-efb8adb0c33b	sql-database-basic-standard-and-premium	标准	default	S1	31
f3f8d7ca-ff5e-4291-b96e-31824105973a	sql-database-basic-standard-and-premium	高级	default	P1	31
c7c7fad9-875d-472e-afe6-90a776e93273	sql-database-basic-standard-and-premium	高级	default	P6	31
f7654217-eaf6-4563-800a-ba3c03be1f94	sql-elastic-database-basic-standard-and-premium	标准	default	100	3100
50b2951b-45e8-4aae-8aa8-daba9d4ff0c6	sql-database-basic-standard-and-premium	高级	default	P1	31
46a9341f-64e4-4601-a22c-33669b243676	sql-data-warehouse	≤600	DWU	100	744
0fdede62-7f19-4b2a-941b-468037da8f9d	sql-database-basic-standard-and-premium	高级	default	P4	31
4bfdf677-7be2-4a9e-8533-6513c69a151c	sql-database-basic-standard-and-premium	高级	default	P4	31
fda30072-8627-4b14-a283-69cd00bfc880	sql-database-basic-standard-and-premium	高级	default	P2	31
56b248d8-543e-4290-ae47-fd8674f5c97f	sql-database-basic-standard-and-premium	标准	default	S3	31
33f52b64-9b91-4e51-a087-a41ab5818b6f	sql-database-basic-standard-and-premium	高级	default	P1	31
d0d60c11-d96e-4fae-a3df-1e39f822d2a9	sql-database-basic-standard-and-premium	高级	default	P6	31
d7ef8df1-8f44-4b15-9d54-3cfe5119c153	sql-database-basic-standard-and-premium	高级	default	P1	31
dcc0c382-24d4-4bf3-9b32-2d727b072d65	sql-database-basic-standard-and-premium	高级	default	P4	31
b0400d79-68d7-48a4-8f39-5c867d108ebd	sql-elastic-database-basic-standard-and-premium	标准	default	100	3100
50bbe40a-7656-40c5-b799-591fd6ee4227	sql-database-basic-standard-and-premium	标准	default	S0	31
1127b2c7-502e-4e6c-88b8-61a94b4f423b	sql-elastic-database-basic-standard-and-premium	高级	default	125	3875
854ec580-2f31-4916-9851-accdbde5194a	sql-database-basic-standard-and-premium	高级	default	P1	31
3f7390fa-1879-4310-871a-95a0a0c26ec2	sql-database-basic-standard-and-premium	标准	default	S3	31
6b95aaaa-e6e4-41a3-a2a6-90dea894c272	sql-elastic-database-basic-standard-and-premium	高级	default	125	3875
cb5fb216-7c56-4f37-a553-a448e7e53ff7	sql-database-basic-standard-and-premium	标准	default	S2	31
3c44e152-1ea5-415e-99c4-e73c00eac715	sql-database-basic-standard-and-premium	高级	default	P1	31
c9846bec-80e3-4900-9e38-5060835d44d4	sql-database-basic-standard-and-premium	高级	default	P6	31
ff2a610d-bb62-4440-90d5-02266ff4ffb0	sql-database-basic-standard-and-premium	标准	default	S2	31
ff9d6adb-e1db-447b-ad38-63eb7cff2909				
632d368f-6336-47eb-a1ee-b063ec39eb1f	sql-database-basic-standard-and-premium	标准	default	S1	31
6a1449af-6a8a-4fa4-a106-f74d5aae0edd	sql-database-basic-standard-and-premium	标准	default	S3	31
9e6a219e-f10b-4035-ba32-8856f48742a3	sql-database-basic-standard-and-premium	标准	default	S1	31
8e56f69a-3211-4cb6-b73f-f629cfeeb34e	sql-database-basic-standard-and-premium	高级	default	P2	31
662d05c5-854d-4b41-a124-8ff89cfe8ad8	sql-database-basic-standard-and-premium	高级	default	P4	31
deb1a8ff-9362-4d47-8302-8ec8bbcb80e1	sql-elastic-database-basic-standard-and-premium	高级	default	125	3875
debcaee6-e4c9-4b40-a791-9cba971d8215	sql-database-basic-standard-and-premium	高级	default	P1	31
81a616c1-fc86-4bc8-b46d-c0c916730f13	sql-database-basic-standard-and-premium	标准	default	S0	31
6d6122d8-47dc-42cb-a910-1d6726abc07f	sql-database-basic-standard-and-premium	高级	default	P2	31
495caadd-0d44-43b2-b25b-46e922f2f806	sql-database-basic-standard-and-premium	标准	default	S3	31
345b5e1c-b24d-4caa-8f08-0596e1b55012	sql-elastic-database-basic-standard-and-premium	基本 	default	100	3100
acc6e3ce-2e13-4b31-8c10-6cbea9cdcea8	sql-elastic-database-basic-standard-and-premium	高级	default	125	3875
22e690b0-183e-4266-bbeb-0c8ccf98f160	sql-data-warehouse	≤600	DWU	100	744
0bd5c041-ed39-4b9e-962c-3cd1af320ac5	sql-database-basic-standard-and-premium	高级	default	P2	31
03a406f1-fcdd-4662-932c-91652842e835				
db489e69-ca33-4dc8-98bf-4285b24b9ca5	sql-database-basic-standard-and-premium	高级	default	P1	31
7793f433-c5bc-4f3f-b240-c10ffe8cc53b	sql-database-basic-standard-and-premium	标准	default	S1	31
46859d3d-1681-4417-a55d-ad6bedf5745a	sql-database-basic-standard-and-premium	标准	default	S0	31
efbf19a3-cd04-4d22-870d-d6838497d618	sql-database-basic-standard-and-premium	高级	default	P1	31
f06dffb0-9942-4a84-b073-67bac13ad4ea	sql-database-basic-standard-and-premium	高级	default	P1	31
41e8048a-2cf8-4ae0-abe9-df16b2d8643f	sql-database-basic-standard-and-premium	标准	default	S1	31
52a3bcd4-2abc-47e5-8361-7d03b71deadc	sql-database-basic-standard-and-premium	高级	default	P6	31
a5c72a95-7226-401c-bc1b-d9a50c5afb64	sql-database-basic-standard-and-premium	高级	default	P1	31
65bf40a1-9471-4b05-acc3-d4aa9e419cc2	sql-database-basic-standard-and-premium	标准	default	S2	31
455f5f4b-ec0f-44e3-8108-71104622b1f0	sql-elastic-database-basic-standard-and-premium	标准	default	100	3100
37ce9261-f04d-4851-9fd2-5eb02c062fa9	sql-database-basic-standard-and-premium	高级	default	P1	31
cb276b0a-ea08-4a83-b6d5-45d89f048dc5	sql-database-basic-standard-and-premium	高级	default	P1	31
64a0ff57-b773-4f5d-b372-3f55b368bbad	sql-database-basic-standard-and-premium	高级	default	P6	31
5e1befca-128b-4ea4-9337-94c32fbf1775	sql-database-basic-standard-and-premium	标准	default	S3	31
d56287c9-d109-45a7-b3e6-eb93f1e0a70f	sql-database-basic-standard-and-premium	标准	default	S2	31
51607b3c-9707-43e1-a608-27f5d42f0696	sql-database-basic-standard-and-premium	高级	default	P6	31
ec512cda-5778-4fb9-b9f8-cac82ff35b17	sql-server-stretch-database	≤600	DSU	100
fafdf2d7-f2ff-45aa-ad19-e576978c9174	sql-database-basic-standard-and-premium	高级	default	P2	31
5a766580-08a5-4e24-8177-851660e45c16	sql-database-basic-standard-and-premium	高级	default	P1	31
9a3cceec-83a6-4821-98f1-b8a449080d1b	sql-database-basic-standard-and-premium	标准	default	S1	31
b8b9adcd-ab9d-4a0a-af03-8c24150dd027	sql-data-warehouse	≤600	DWU	100	744
62fceb21-b01c-497e-bcdb-1e9c442c5549	sql-database-basic-standard-and-premium	高级	default	P2	31
9b1cef32-189b-47c5-a5cd-b8e6cab0697c	sql-elastic-database-basic-standard-and-premium	标准	default	100	3100
d5d9555e-fdc8-4f16-a51e-a9bcafc7d178	sql-database-basic-standard-and-premium	高级	default	P4	31
b925488d-a109-4294-9d73-6f359f61ba5b	sql-database-basic-standard-and-premium	标准	default	S2	31
a1d12714-8dce-4a5a-b3f5-4c62036d2b74	sql-database-basic-standard-and-premium	高级	default	P2	31
4bdbdfd4-7163-4e7f-be56-d0a3cbe4eb96	sql-database-basic-standard-and-premium	高级	default	P1	31
0cba612e-f9d6-46f5-b4ea-4f4cb0b3ef96	sql-database-basic-standard-and-premium	标准	default	S3	31
061710cf-1114-4164-8f6d-54b1b4a52eb5	sql-data-warehouse	≤600	DWU	100	744
817e731d-c1f0-454d-ae5e-c243c498d9d5	sql-database-basic-standard-and-premium	高级	default	P1	31
f41287d7-e9ae-458e-8701-5708529b1b25	sql-database-basic-standard-and-premium	高级	default	P2	31
4b3dee13-e854-400e-bf8b-d85215487c41	sql-database-basic-standard-and-premium	标准	default	S0	31
54c6bbf3-322b-406d-8411-101bc4b9443a	sql-database-basic-standard-and-premium	标准	default	S1	31
08443a97-e0d0-4e23-80e9-f7fea7ea871f	sql-database-basic-standard-and-premium	高级	default	P1	31
777906a6-44a3-48ed-8dae-fccce59b59bc	sql-database-basic-standard-and-premium	标准	default	S1	31
29a89311-86f0-4cb0-8865-9eab7a989e71	sql-database-basic-standard-and-premium	标准	default	S2	31
83bf8b50-01cc-45f5-9589-d64b0cf66317	sql-database-basic-standard-and-premium	标准	default	S2	31
818ff3c6-6655-4180-8da7-c0c79aa00c79				
08f25d5b-967e-4c02-b178-b82e98612470	sql-database-basic-standard-and-premium	高级	default	P1	31
cd236d1f-4db5-4ec3-b6c9-295f90ac840c	sql-database-basic-standard-and-premium	标准	default	S3	31
c6067198-1a09-4382-8607-a750ad29560f	sql-data-warehouse	≤600	DWU	100	744
1e5de507-c021-4bec-abd2-ac68060929c6	sql-database-basic-standard-and-premium	高级	default	P6	31
390ffa62-8fef-426d-9812-bb515d27934a	sql-database-basic-standard-and-premium	高级	default	P2	31
ae650aa5-7740-4159-a443-e1f33349d3ea	sql-database-basic-standard-and-premium	高级	default	P1	31
08caf470-a419-4e61-a379-48d684559bf3	sql-database-basic-standard-and-premium	标准	default	S0	31
d4240cf8-c48e-401a-be29-65e4f195fdd9	sql-database-basic-standard-and-premium	高级	default	P1	31
b03e875b-0dd3-42c1-b0de-82b8a7118c6c	sql-database-basic-standard-and-premium	标准	default	S3	31
6efd0914-c5c7-4c12-935b-a1b1d1858478	sql-database-basic-standard-and-premium	标准	default	S1	31
9425e4b3-8cfe-4fec-8193-a8b4cf706bfd	sql-database-basic-standard-and-premium	高级	default	P1	31
145a6173-898f-4b98-be19-51f693f0c15b				
edd11046-ec5b-456a-81c3-7bfc6d9b5f4f				
3ae5288a-02b1-4d17-a73f-de110df5992b	sql-database-basic-standard-and-premium	高级	default	P1	31
c3d11efb-d78a-453d-bd69-1e2811aa5edf	sql-database-basic-standard-and-premium	高级	default	P4	31
bdd780ef-52c8-42ce-9995-05637b030062	sql-database-basic-standard-and-premium	高级	default	P4	31
4c3ddd68-400d-4f2a-94be-b62aa44091cc	sql-database-basic-standard-and-premium	高级	default	P1	31
e4da13cd-e9ec-4e45-9518-1d2bd04ddac2	sql-database-basic-standard-and-premium	高级	default	P2	31
add38ca4-3402-4f5f-af24-fb2ef31fe6fc	sql-database-basic-standard-and-premium	标准	default	S1	31
61448f94-e6e2-4acf-a179-0a37484c599a	sql-database-basic-standard-and-premium	高级	default	P1	31
84c854ea-5a9a-4af1-965d-ed87d16eda92	sql-database-basic-standard-and-premium	标准	default	S1	31
89f20818-e778-4bab-ba31-b7e3e7f196fa	sql-database-basic-standard-and-premium	标准	default	S1	31
3999d18d-3a2f-4230-948a-52296b7f378a	sql-database-basic-standard-and-premium	标准	default	S3	31
a9f53a13-21fc-45c6-aade-c42e2accf259	sql-data-warehouse	≤600	DWU	100	744
ca5313af-d8fc-48a9-96d0-fe62f6ee394a	sql-database-basic-standard-and-premium	标准	default	S2	31
ba5d362f-a5f4-44bd-8842-7467c263ba1b	sql-database-basic-standard-and-premium	高级	default	P1	31
8a18372f-182c-45ef-bdc5-b89965bfc92c	sql-database-basic-standard-and-premium	高级	default	P1	31
5989f983-072e-49f2-9016-13f2406ee05a	sql-database-basic-standard-and-premium	高级	default	P1	31
732e96a2-d15f-44fa-a205-a5b7396630c3	sql-data-warehouse	≤600	DWU	100	744
d4a1726f-2b95-4355-9907-b6b2123f8a37	sql-database-basic-standard-and-premium	标准	default	S1	31
4e3d4f06-9cf5-4cb0-bb82-10c1013c0413	sql-database-basic-standard-and-premium	标准	default	S0	31
c02481f5-526c-4869-8237-bbfcacaa9c14	sql-database-basic-standard-and-premium	高级	default	P4	31
4c43072f-2450-4665-848d-3ae403c3bba6	sql-database-basic-standard-and-premium	标准	default	S3	31
c285619f-02e4-42b9-b2bc-6efb867f4ac0	sql-database-basic-standard-and-premium	高级	default	P1	31
5ad08c62-8af3-4458-868a-d3faa2518049	sql-database-basic-standard-and-premium	高级	default	P1	31
79a801ca-db77-4e40-8236-7cbe8dac8051	sql-database-basic-standard-and-premium	标准	default	S0	31
687f0c7a-8a70-4575-9084-ab94abb22831	sql-database-basic-standard-and-premium	高级	default	P1	31
cbd9afac-80a8-442c-afcb-8c3c64b410a1	sql-database-basic-standard-and-premium	高级	default	P6	31
60fdf34e-4900-4bb3-baa4-49146711801f	sql-database-basic-standard-and-premium	高级	default	P1	31
87f3affb-3314-46a5-a56a-569355dcefaf	sql-database-basic-standard-and-premium	高级	default	P1	31
f5c28252-7d44-446e-adfe-e097fb87f340	sql-database-basic-standard-and-premium	高级	default	P1	31
6ab4b21f-3ee9-4229-85a5-9bdba2b1319b	sql-database-basic-standard-and-premium	高级	default	P4	31
64443c94-8202-4c8f-bdb3-9d00e7148dc6	sql-data-warehouse	≤600	DWU	100	744
9ffb9408-91da-478d-9a81-1dafff95d33b	sql-database-basic-standard-and-premium	高级	default	P4	31
1664dedf-c176-413e-813c-c5489d027272	sql-database-basic-standard-and-premium	高级	default	P4	31
7b5efd2a-b249-4a6a-a522-bab7ccdfb74f	sql-database-basic-standard-and-premium	高级	default	P1	31
0384c995-fc14-42d1-9e2a-c51964c2d737	sql-database-basic-standard-and-premium	标准	default	S2	31
76dfe260-5cbf-4df7-a887-3197b1c1d94c	sql-database-basic-standard-and-premium	高级	default	P1	31
063f26fe-362d-4183-9ef7-78d1263fc0f4	sql-database-basic-standard-and-premium	高级	default	P2	31
ce0935e2-a4ad-4636-a4f6-eea94006d215	sql-database-basic-standard-and-premium	高级	default	P6	31
50579338-2886-45f1-a8bb-7c4afdbebaba	sql-elastic-database-basic-standard-and-premium	基本 	default	100	3100
4c951c96-be04-46dd-962c-5ab4f8f96a64	sql-database-basic-standard-and-premium	高级	default	P1	31
da67782b-514b-4b3c-a7c5-103a56e6bc55	sql-database-basic-standard-and-premium	高级	default	P1	31
c6a07dcf-f269-456c-85da-ef574ffab7e2	sql-database-basic-standard-and-premium	高级	default	P4	31
84ac3030-077b-4be8-8a40-48cbbfbedcb2	sql-database-basic-standard-and-premium	高级	default	P2	31
8e700f3a-08bf-4e24-89e2-e6faaf4f2379	sql-database-basic-standard-and-premium	高级	default	P1	31
e90a84ba-b3b3-436e-af1b-24824261c7f9	sql-database-basic-standard-and-premium	高级	default	P1	31
b17e33a3-6742-4e47-a50a-06b870574e65	sql-database-basic-standard-and-premium	高级	default	P6	31
15e3c6ce-261c-4db3-a8bc-f4d1de3ec183				
619b0c3c-9210-43ab-9963-a46734dd0b07	sql-database-basic-standard-and-premium	高级	default	P4	31
432d1757-4a53-4f3b-8d0c-1643ebac6fce	sql-database-basic-standard-and-premium	标准	default	S0	31
d6ea4650-6167-4db7-b1c6-1d06df4a7885	sql-database-basic-standard-and-premium	标准	default	S2	31
83ecc636-598e-449b-bf69-58583c0d449b	sql-database-basic-standard-and-premium	标准	default	S3	31
d434c294-d7e6-433e-9f3a-2c6d6438d534	sql-database-basic-standard-and-premium	标准	default	S3	31
b1b93a0c-a928-4d20-a54c-e220b271b09f	sql-elastic-database-basic-standard-and-premium	基本 	default	100	3100
d53819e2-6e9f-424b-ac19-a4014676dd70	sql-database-basic-standard-and-premium	标准	default	S1	31
c03d89fd-4c36-48e2-875d-ae61711e5681	sql-database-basic-standard-and-premium	高级	default	P6	31
7a6c4c40-b914-4d0b-8594-a022308181f7	sql-database-basic-standard-and-premium	高级	default	P1	31
a1931f21-80fc-4ba8-91d0-102d31321153	sql-database-basic-standard-and-premium	标准	default	S1	31
eeb65ec9-9b0f-4586-a280-c1f30eae935e	sql-database-basic-standard-and-premium	高级	default	P1	31
963858e4-b3ba-46bd-90cc-b509518302d5				
1b8ee1c5-63ee-4235-b273-74d94fbc561c	sql-database-basic-standard-and-premium	标准	default	S3	31
21d14890-136e-4ae0-b402-ee7818908a79	sql-database-basic-standard-and-premium	标准	default	S0	31
96558206-8bf3-43fb-9474-6d0ce733482a	sql-database-basic-standard-and-premium	高级	default	P4	31
97239e8b-d288-46a5-901c-3bb4556f3b2f	sql-database-basic-standard-and-premium	高级	default	P6	31
36010ef7-9201-422c-b3e2-033ffeb8b28d	sql-database-basic-standard-and-premium	高级	default	P6	31
bbdee837-3c2c-4da9-bad8-3f4dd2df45ea	sql-database-basic-standard-and-premium	高级	default	P1	31
7e20a7ed-96c3-4774-a333-bac48bf0de6d	sql-database-basic-standard-and-premium	高级	default	P4	31
4eca9863-1928-4f14-8770-56332a7b8dae	sql-database-basic-standard-and-premium	高级	default	P1	31
6e6fcacb-5f0d-4d19-afdc-9ff9931a6c40	sql-database-basic-standard-and-premium	高级	default	P2	31
40f52f75-97ad-44f9-a842-239a2baf096b	sql-database-basic-standard-and-premium	标准	default	S0	31
a17966d7-bd06-489a-b50f-ee6aec448502	sql-database-basic-standard-and-premium	高级	default	P6	31
e40c606b-e16c-4803-aac4-1e47666f4609	sql-data-warehouse	≤600	DWU	100	744
cac456f9-3814-47c9-98bf-bcc73f824acf	sql-database-basic-standard-and-premium	标准	default	S3	31
daee1d0b-ddb4-48ea-a32f-9342d391d07d	sql-database-basic-standard-and-premium	高级	default	P1	31
01941ad2-4d1e-4220-b442-6e505439d6e6	sql-database-basic-standard-and-premium	标准	default	S0	31
8a8a2353-a930-4fe3-908d-281460de46c7	sql-database-basic-standard-and-premium	高级	default	P1	31
38606f5d-e79c-43de-b101-972aa97b78f3	sql-elastic-database-basic-standard-and-premium	高级	default	125	3875
f12943cd-db32-41be-846c-900cd5fa8179	sql-database-basic-standard-and-premium	高级	default	P1	31
75eb68fb-f31d-440b-b1b7-72beee9f709c	sql-database-basic-standard-and-premium	高级	default	P6	31
5ccba2b7-0734-4693-8cd1-2bcc8ae1110c	sql-database-basic-standard-and-premium	标准	default	S1	31
e87225c1-1a84-444b-a91e-6da20e0575e7	sql-elastic-database-basic-standard-and-premium	标准	default	100	3100
7a1f4266-4be6-4b5d-bc69-dac76f15fa55	sql-database-basic-standard-and-premium	高级	default	P1	31
3afc164f-5d1d-48b8-9a14-ce809bb6273d	sql-database-basic-standard-and-premium	高级	default	P1	31
cfc04eb4-da44-457c-89e9-6547186c2408	sql-data-warehouse	≤600	DWU	100	744
bc2a0d0b-7dc9-44fa-86b7-5d537278b58a	sql-database-basic-standard-and-premium	标准	default	S1	31
2a8f5aeb-d518-4417-a262-f168e3204a84	sql-database-basic-standard-and-premium	高级	default	P6	31
f6522325-5263-4a7f-a8c3-0c0d127da4dd	sql-data-warehouse	≤600	DWU	100	744
aa057281-ad43-433b-ad5e-1c64f49f2305	sql-database-basic-standard-and-premium	高级	default	P1	31
8fcd80c1-24cf-46c7-a7c6-511f275b6a39	sql-database-basic-standard-and-premium	高级	default	P1	31
2d5e0769-0c30-471d-a7fd-1031dd8beac5	sql-database-basic-standard-and-premium	高级	default	P1	31
165847e6-ea7c-44d9-a5b5-49f0dd8517c0	sql-database-basic-standard-and-premium	高级	default	P1	31
78e135cc-7730-4601-90e4-3b3a1d0cdb42	sql-database-basic-standard-and-premium	标准	default	S2	31
e334d344-6dfb-4810-9fa0-813390c255fd	sql-data-warehouse	≤600	DWU	100	744
61c94f93-033b-4b1e-843e-87a3bde1ec16	sql-database-basic-standard-and-premium	高级	default	P1	31
a92705f3-7503-4019-b01c-7faf74660231	sql-database-basic-standard-and-premium	高级	default	P2	31
f8579873-2b77-4558-bd16-fff6e17df977	sql-database-basic-standard-and-premium	高级	default	P6	31
0d41ec57-1343-4db7-a767-8fbf10732e0d	sql-database-basic-standard-and-premium	高级	default	P1	31
d16382c4-5224-4902-ba23-285406f4f86a	sql-database-basic-standard-and-premium	标准	default	S2	31
1dc72c6d-2ca8-404b-b5f3-dd64eca27ce2	sql-database-basic-standard-and-premium	高级	default	P4	31
1b8ca1b2-f159-484a-af5a-a2c40b7f8e87	sql-database-basic-standard-and-premium	标准	default	S1	31
6f49b921-b7b3-4fe9-aa4b-0699944bbdb7	sql-database-basic-standard-and-premium	标准	default	S1	31
e9335837-382b-41ef-8f40-e5453c6923e9	sql-database-basic-standard-and-premium	高级	default	P6	31
9faed4ba-1a61-4bf7-b76e-d02e0152857b	sql-database-basic-standard-and-premium	高级	default	P4	31
6460fee7-8d53-4faa-89fb-4b3838edf3c3	sql-elastic-database-basic-standard-and-premium	标准	default	100	3100
c6aef3cf-44df-4155-947c-64f444e3dc5c	sql-database-basic-standard-and-premium	高级	default	P6	31
0f99ffe3-9c01-4093-9f43-e5542cde52c2	sql-database-basic-standard-and-premium	标准	default	S0	31
d71c4ae8-d56d-4bf2-8a67-e83f7f7bfb06	sql-database-basic-standard-and-premium	高级	default	P1	31
7d7bff9c-fee9-47e6-82e4-544eaf328034	sql-database-basic-standard-and-premium	高级	default	P4	31
8663c2cb-f022-4a88-8c54-559ecbbfc6e9	sql-database-basic-standard-and-premium	高级	default	P4	31
5382e208-4f90-46e5-be52-7110ba15cc0b	sql-database-basic-standard-and-premium	高级	default	P1	31
05d8cdf9-3a31-49a1-aa63-fe4d01c686dd	sql-elastic-database-basic-standard-and-premium	基本 	default	100	3100
383eaccc-acd9-49c5-b78d-47aa1ddfe114	sql-database-basic-standard-and-premium	标准	default	S0	31
d01174fe-3968-46a4-b62a-572550530e33	sql-data-warehouse	≤600	DWU	100	744
adc4e0b6-6550-4fc7-a589-6515af9c59a4	sql-database-basic-standard-and-premium	高级	default	P1	31
2ecc7597-9a40-4311-a91e-1930499aa6c6	sql-elastic-database-basic-standard-and-premium	基本 	default	100	3100
d18954a2-31b7-4582-ba7b-fd469a9e9817	sql-database-basic-standard-and-premium	高级	default	P1	31
0b64d111-1850-4091-b27f-763e35f67215	sql-database-basic-standard-and-premium	标准	default	S0	31
14e91b79-e419-4a30-9eed-daedf7b5b35c	sql-database-basic-standard-and-premium	高级	default	P1	31
42df9574-8a63-476d-bcb7-acf476d3a2fd	sql-database-basic-standard-and-premium	标准	default	S3	31
079eda81-1004-4bd3-aba3-4a970cb6bbd8	sql-database-basic-standard-and-premium	标准	default	S1	31
1cc42fd4-699b-4ae6-841f-c7d3501465cd	sql-database-basic-standard-and-premium	标准	default	S2	31