26fb83ae-317e-49ab-8ebe-4a986e4a47eb	storage-general-purpose-file	LRS	Azure file/文件	default
5884da61-d1d1-4ae7-8114-f1f86da79259	premium-storage	P30	default	default
8e7654fc-c37f-48d0-be38-86a418ecf738	storage-cold-hot-block-blob	LRS	块 blob（冷）	default
28bbcbe2-049c-4f6e-b5d8-f6639672fdbc	storage-general-purpose-table	GRS	表	default
8d5c083a-5e43-44e2-80a8-6856e81ff10e				
fcf9f67d-cf1f-4210-baab-67be9b66012b				
a738f35b-9373-4cee-91bb-3764a8201379	premium-storage	P20	default	default
de2d6833-d369-49f6-a263-2adcbe2549ef	storage-cold-hot-block-blob	RA-GRS	块 blob（热）	default
459cc554-f5f1-4d51-b810-f506bcd35748	premium-storage	P20	default	default
a0a14f71-37e9-44ac-b019-035b23d75a3a	storage-general-purpose-block-blob	LRS	块 blob	default
82b96a53-df81-46cd-be8d-df9969e89cbe	storage-general-purpose-queues	GRS	队列	default
80e9cb6c-2b69-4b8a-a336-6fa1a5d4403b	storage-cold-hot-block-blob	RA-GRS	块 blob（冷）	default
ffc35ea7-fbc9-41be-b52c-5545619e4240	storage-general-purpose-table	GRS	表	default
39b9be75-1947-4e14-b6dc-1bd865c05be6	storage-cold-hot-block-blob	RA-GRS	块 blob（冷）	default
d40f83f4-edac-4f27-bdee-163dd3c522fc				
8981294b-c2fa-4f36-85f7-7ade62e90136	storage-cold-hot-block-blob	RA-GRS	块 blob（冷）	default
e380ec57-7763-4e0b-a8a6-18ec5ebbfe50	premium-storage	P30	default	default
f9a25a17-711e-4adf-98a7-4f2b4851e69b	storage-general-purpose-block-blob	RA-GRS	块 blob	default
5d4bce22-8803-45b3-95a0-1ec2d73a44e3	storage-general-purpose-page-blob-disk	GRS	页 blob 和磁盘	default
5a69132e-5627-42e7-b733-03e0cd8a9052	storage-general-purpose-file	LRS	Azure file/文件	default
61226b2c-f21b-4a8a-b39d-5f619442169e	storage-general-purpose-block-blob	GRS	块 blob	default
30e21f89-7f2a-4359-bef9-4eed5134c498	storage-cold-hot-block-blob	 GRS	块 blob（热）	default
0056d2a6-4f43-4e2f-9cd0-0bf3cd49e45d	storage-general-purpose-block-blob	GRS	块 blob	default
433e81b3-9d5b-4e61-9dec-d4bfee231f32				
d3ae7dc5-be77-4daf-813c-87d7eaccb869				
c47a9952-8952-4c87-af10-15a3d28353fa	storage-cold-hot-block-blob	RA-GRS	块 blob（热）	default
f6eeff7c-d9e2-478e-b25d-670e485511cd	premium-storage	P10	default	default
272492b3-1c92-4a5f-bee9-52a8e10ca514	storage-cold-hot-block-blob	LRS	块 blob（热）	default
59a70c09-d509-48e2-8789-fb410ecd9dab	storage-general-purpose-page-blob-disk	GRS	页 blob 和磁盘	default
2c061509-27e5-43d7-bf06-43fedc7bddd3	storage-cold-hot-block-blob	LRS	块 blob（冷）	default
a3dd3839-f638-493d-a529-e1e1427a5b78	storage-general-purpose-queues	LRS	队列	default
5b843ebc-c10e-4177-b57f-9dcacd1f768b	storage-general-purpose-page-blob-disk	LRS	页 blob 和磁盘	default
7061d805-de24-4d8e-883d-2cd6136fcb1d	storage-general-purpose-table	GRS	表	default
7b396c4d-5016-45dd-87f5-a49291de9775				
c1cfd724-39d0-4030-ad64-30fb29b08221				
a15f9e3a-b33e-4227-b55e-3f39356d13a8				
3ebe2f42-28b7-40a0-9f93-99295632b80f	storage-general-purpose-page-blob-disk	GRS	页 blob 和磁盘	default
19779bfa-01e0-4e38-9ea2-6a697d78434f	storage-cold-hot-block-blob	 GRS	块 blob（热）	default
ebd37945-6bf1-43ab-a925-2f67235e51ba	premium-storage	P30	default	default
a99aa8d9-a886-4c7b-b84f-7858341e1b28				
2f7e6be6-c801-4b28-bfbf-148f7a61bffc	premium-storage	P20	default	default
5e7a80e5-0273-44b8-a179-e4f62ea6ec9f	storage-general-purpose-page-blob-disk	RA-GRS	页 blob 和磁盘	default
9e05d9c8-8936-48ef-b98e-f019e9d64978	storage-cold-hot-block-blob	RA-GRS	块 blob（热）	default
1a8ebeb4-98d1-4568-833e-6924033ec224	storage-general-purpose-block-blob	GRS	块 blob	default
6368dbf8-dafb-46df-948a-58c3df992ba1	storage-cold-hot-block-blob	RA-GRS	块 blob（热）	default
bf8870a0-ab78-4b28-be9e-cb142df24f44	premium-storage	P20	default	default
4ce4e22f-fab9-44e3-8373-4aec088195fc	storage-general-purpose-table	RA-GRS	表	default
6413bc9f-b929-4d93-b0c6-f37fc0e7bad2	storage-cold-hot-block-blob	 GRS	块 blob（热）	default
2fd570c1-302d-4f6e-ba43-99bdb401a4ec	storage-general-purpose-file	LRS	Azure file/文件	default
9438a523-ecc8-4d27-96e0-fb2fb560a3a0	storage-cold-hot-block-blob	 GRS	块 blob（冷）	default
1990d677-c7a6-4535-aaa4-ff285544e837	storage-cold-hot-block-blob	LRS	块 blob（冷）	default
a3e3717a-8ba8-4159-9260-bb2091c36863				
6dae61c9-d6c7-4a79-b4d5-08dc2772365a	storage-cold-hot-block-blob	 GRS	块 blob（冷）	default
2c38f6f1-08ae-4f71-be2a-90c399f6678d				
1673181d-64fd-4161-8d99-32f0fd6216b8				
1092c5f4-51bc-49be-9773-34cc253c6f1d				
32a71824-3409-4f98-a230-206a9e2c7276	storage-general-purpose-table	LRS	表	default
c6cfc1de-0f0e-4801-bccc-8b96d4985e0e	premium-storage	P20	default	default
ed8a651a-e0a3-4de6-a8ae-3b4ce8cb72cf	storage-general-purpose-file	LRS	Azure file/文件	default
06cd85e2-e7d6-49a3-bc94-2c31c8f7d433	storage-cold-hot-block-blob	LRS	块 blob（热）	default
e5960556-fee3-41d8-9329-ae68f9aee68e	storage-cold-hot-block-blob	RA-GRS	块 blob（冷）	default
e7056c15-dc2d-4913-8b0e-06fd876a88ea				
20d81067-af7c-48d9-acf7-d17d2e5ffe31	storage-cold-hot-block-blob	 GRS	块 blob（热）	default
e13adbc5-3ece-44fb-b579-1aaf67171eae	premium-storage	P30	default	default
25a8afab-267f-4272-8bf1-12be387604be	storage-cold-hot-block-blob	RA-GRS	块 blob（冷）	default
26af5afe-468e-4c09-b45f-cded010f0ef4				
adacd194-a838-4966-b589-d8262be3ac81	storage-general-purpose-queues	LRS	队列	default
41b9853e-a81e-4a11-a548-77473a656a73	storage-cold-hot-block-blob	 GRS	块 blob（冷）	default
e17e579f-adb6-4068-a2a2-6fcd9d6723ce				
d09e639b-288f-4571-abbc-e1f42f934138	storage-general-purpose-block-blob	LRS	块 blob	default
a97168b1-7066-4da9-a035-cd5b4fec4e68	storage-general-purpose-queues	LRS	队列	default
5c91b41a-634b-4b13-b51a-1f8bed056263				
358db962-a2e1-4904-b09f-dc1b070b322d				
cbd5bdb0-9cd0-4a36-b39b-4620a16116f2				
af454842-91c2-406f-87a3-d719ea7ee1e0	storage-cold-hot-block-blob	LRS	块 blob（热）	default
e829dd7e-41f0-46d4-bc84-1cc13791e254	premium-storage	P10	default	default
b24b3aa0-f4ff-4546-9bbd-562b193f9924	storage-cold-hot-block-blob	LRS	块 blob（冷）	default
72f848e8-95a6-4852-8269-f631faa9e526	storage-general-purpose-queues	GRS	队列	default
6e217d2d-e00b-4019-8e3c-30c57627fe6d				
cfa24dd7-3f0e-4e00-a167-2e1f0f4830ea	storage-general-purpose-queues	RA-GRS	队列	default
181926d5-204b-464a-b9e6-4d80ea4ef552	storage-general-purpose-table	RA-GRS	表	default
28eb0e44-cf36-4fe5-ba58-c89cdfe22ab4	storage-cold-hot-block-blob	 GRS	块 blob（冷）	default
8b44130d-9689-441a-88a9-0ee61aa53f33	premium-storage	P30	default	default
27b3efd7-371a-4262-bb80-ff8a63109699	storage-general-purpose-queues	LRS	队列	default
d688b491-e031-4aa2-bb87-be3f346e2b8f	storage-cold-hot-block-blob	LRS	块 blob（热）	default
0e03afd6-cb40-4a1b-9938-0bf4aaca3879	storage-cold-hot-block-blob	LRS	块 blob（冷）	default
f1283491-f2b8-4b2c-a22b-27cdaf0d563d	storage-general-purpose-page-blob-disk	LRS	页 blob 和磁盘	default
33053aa8-a925-4b6e-9bb4-d2987b213a92	storage-general-purpose-table	RA-GRS	表	default
fc203689-76e7-4fbe-86b9-968d73231c00	storage-cold-hot-block-blob	LRS	块 blob（热）	default
b397b505-72e5-4ac0-9c4e-bd187ea198bf	storage-general-purpose-table	GRS	表	default
cf857e09-a066-46e9-9f52-b6f73e70692c				
57bd5019-bcfb-4876-927b-f1e95248e08e	storage-cold-hot-block-blob	 GRS	块 blob（热）	default
b40c3368-de55-4653-b7fd-5d3faca0b1df	storage-cold-hot-block-blob	LRS	块 blob（热）	default
6fe7781e-b466-423a-98e8-e0e4eeb82443	premium-storage	P20	default	default
b29eac16-9986-42cd-890d-404a414cae83	storage-general-purpose-table	GRS	表	default
243a7ede-007c-474d-ae93-3a629da977e0	storage-cold-hot-block-blob	RA-GRS	块 blob（热）	default
d8eb314f-b85e-4b3a-8956-19cf69bb8c42	storage-general-purpose-page-blob-disk	LRS	页 blob 和磁盘	default
2388a15b-1c42-4e8d-8ae8-69868b94455e	storage-general-purpose-queues	RA-GRS	队列	default
63fef759-fc80-4e1c-bfd7-d46850e529e6				
f679b7f5-ead6-4474-9829-769dc819f3e2	storage-general-purpose-block-blob	LRS	块 blob	default
7f627a53-5868-48d7-b4e5-7140894deede	storage-general-purpose-table	LRS	表	default
d45535dc-ad66-47c9-a58e-5c5d73511193				
5681f5de-d80e-4018-aa73-f2f2bd828c2a				
758b46f1-1579-4490-a54a-9829ff267c51	storage-cold-hot-block-blob	LRS	块 blob（热）	default
20fc9d1f-0727-4f0c-b5e7-dc252621d16e	storage-general-purpose-file	GRS	Azure file/文件	default
27fda617-6c9c-46f6-aa20-04cb4c172e45	storage-general-purpose-table	GRS	表	default
66e8e541-b48d-4c60-b99a-8df6249bb82c	storage-general-purpose-file	GRS	Azure file/文件	default
daec6c53-0399-4985-a370-1f7f2c361492				
c069fd89-c3ce-4caa-b018-0bc26dd0a6a9	premium-storage	P10	default	default
783a4bf8-d1f8-4097-b593-5d69d8ad37e8	storage-general-purpose-table	GRS	表	default
4035ac14-a53f-4539-bef4-7b0b4b7f553a				
8873f8cb-95a1-49c4-ab72-b4936448d9ee				
1bac8c6e-3f6d-4514-9d57-022478c5a5da	storage-general-purpose-block-blob	RA-GRS	块 blob	default
553a2dd6-f3e0-46cf-bf49-d8f4da663212	storage-general-purpose-block-blob	GRS	块 blob	default
9ad17ce8-836c-4c58-99d0-f0b599aea449	storage-cold-hot-block-blob	RA-GRS	块 blob（冷）	default
6baa7311-8e65-4820-ace1-6c51588d8e86				
1571549f-953a-4e7d-9ff1-ef5de63be9d3	storage-cold-hot-block-blob	LRS	块 blob（冷）	default
54929499-594e-464d-ae7a-620f1460c1bf	storage-general-purpose-table	GRS	表	default
e2f73349-0c42-46de-a33a-bb4547ac4f04				
86fbf081-4a0f-4992-9336-6159391c28c0	storage-general-purpose-queues	LRS	队列	default
af8fb567-03c7-40c2-a169-d59256341eff	storage-cold-hot-block-blob	LRS	块 blob（热）	default
98e03c88-c387-4aee-83f1-1af9679533c4	storage-general-purpose-file	GRS	Azure file/文件	default
bd69546d-19b0-4776-865f-8753b800883b	storage-general-purpose-table	LRS	表	default
d0b97e12-383c-42a5-8250-8ba7b82815c3	storage-cold-hot-block-blob	 GRS	块 blob（冷）	default
4225a259-3557-464c-a76c-6f3e0672735a	storage-cold-hot-block-blob	LRS	块 blob（热）	default
4d97520d-90d9-48fa-93d7-ebf44b3c9924	storage-cold-hot-block-blob	 GRS	块 blob（冷）	default
c61984c9-3733-4818-84a9-5dc881ef47c4	storage-cold-hot-block-blob	RA-GRS	块 blob（冷）	default
25f947e3-026c-4416-84cb-e8c366e7da8e				
1c833e7a-2490-4f89-ba38-b98637e848fa	storage-general-purpose-table	LRS	表	default
c90b8f68-2874-44d0-b237-bae9dc89c4a6				
66aacf77-57c2-4a1b-a3a4-064273d8aa58	premium-storage	P10	default	default
78f10ecd-833b-49d9-a405-778c5fb85b5e				
9be411a9-d884-4ee7-92b5-2e6a177b47c7	storage-cold-hot-block-blob	 GRS	块 blob（冷）	default
fda24285-b1d0-4f58-b957-e1685125aff7	storage-general-purpose-file	GRS	Azure file/文件	default
55474677-9809-457f-b8f9-dd912b063772	storage-cold-hot-block-blob	 GRS	块 blob（冷）	default
eb573bb3-d2ef-4df9-91e4-8f25b2be1c45				
1f222a62-fd30-4285-80f0-d5442be33081	storage-cold-hot-block-blob	 GRS	块 blob（冷）	default
0fb708ff-6638-4d65-a800-9f26a96e3752	storage-general-purpose-block-blob	RA-GRS	块 blob	default
5b68d4d5-41cf-40a0-9edf-841283f73eea	storage-cold-hot-block-blob	 GRS	块 blob（冷）	default
88deeec2-3f99-482b-b75c-6b6b445ed886	storage-general-purpose-table	GRS	表	default
992c13b9-9aa1-4675-8e60-9d3337392215	storage-general-purpose-queues	GRS	队列	default
7399da09-25ea-469f-886d-e592603daa18	premium-storage	P20	default	default
e31a6c11-cd68-4639-8bb1-bc218a9537dc	storage-general-purpose-table	RA-GRS	表	default
6fe6a770-9d2b-45ba-b76d-1b18c4b6eebf	storage-general-purpose-table	RA-GRS	表	default
96c7a88b-71a2-4617-9824-9344fc9864d3	storage-general-purpose-table	GRS	表	default
6e14dc14-badd-41d9-bc6b-dc1e13a5d1f8				
5f2f47e6-bcf4-462e-b22d-ea76ba528369				
37a224be-47e1-42bd-b2aa-f08060e965ee	storage-general-purpose-table	LRS	表	default
fccd24ea-f6e6-436c-ae40-853d0f38b9e7	storage-cold-hot-block-blob	 GRS	块 blob（热）	default
415cf463-a8df-4065-a0b8-c0fe3719da50	storage-cold-hot-block-blob	RA-GRS	块 blob（冷）	default
66d3680e-f733-4710-997f-463a73a885b1	storage-general-purpose-block-blob	GRS	块 blob	default
0b892246-e956-4e26-86d2-71f4212ed769	storage-general-purpose-queues	RA-GRS	队列	default
69dc9346-92fd-4e55-9a0b-a1139cc02b36				
1ad63626-a5cb-4a61-8bb6-d80c6876a9fa	premium-storage	P20	default	default
53bbfe19-c977-42c8-911a-d7817319ec44	storage-general-purpose-table	LRS	表	default
c06c1695-162f-4b0e-a950-b56b7a1ff6f9				
9473e672-e6f2-4497-b457-93896fd1102e				
67a2faac-4879-45e6-8cc7-20f181b1425e	storage-cold-hot-block-blob	 GRS	块 blob（热）	default
b6caee93-d882-4081-986a-7a9604eca996				
6a476bc7-b392-4bf4-b1a8-591ae0acf335	storage-general-purpose-file	GRS	Azure file/文件	default
1130d990-a049-4c0d-b668-dbf3a922869f				
a6d448d1-9628-4cd4-8861-f83781b38e9e	storage-general-purpose-table	RA-GRS	表	default
9488d0ec-81c9-4e45-a544-11dba60a3660	storage-general-purpose-table	LRS	表	default
59d1ce45-9e3e-44b2-85c5-4677230ecc88	storage-general-purpose-queues	RA-GRS	队列	default
0dfadad2-6e4f-4078-85e1-90c230d4d482	premium-storage	P10	default	default
a645c7c4-78b4-4c15-9a57-051d672e25d4	storage-general-purpose-block-blob	RA-GRS	块 blob	default
0a108e60-d1a5-45f5-aab2-b741bc88f1cd	storage-general-purpose-block-blob	LRS	块 blob	default
696220f2-91da-4ca5-920b-151e51a6d103	storage-cold-hot-block-blob	LRS	块 blob（热）	default
0c50be21-2aa3-455b-92ee-a50aaeecbd7f	storage-general-purpose-queues	LRS	队列	default
da55f3c8-c8dc-4f65-8f99-9d6f201b1ea7	storage-general-purpose-table	LRS	表	default
e11d4e94-59a2-4542-a5d8-a485288cc1e7	premium-storage	P20	default	default
f89726f3-c447-4fe8-9614-0ea94259c815	storage-cold-hot-block-blob	RA-GRS	块 blob（热）	default
74aa12f8-d483-4452-8a45-ce0681c608ba	storage-cold-hot-block-blob	RA-GRS	块 blob（热）	default
96019ff4-d889-4443-b8c8-2edf0d3fd81d	storage-general-purpose-page-blob-disk	RA-GRS	页 blob 和磁盘	default
817e52af-0065-43a3-b2eb-2ab33482bbf3	storage-cold-hot-block-blob	RA-GRS	块 blob（热）	default
7b362907-1d27-4f3c-985a-99d2562fcedb	storage-general-purpose-block-blob	LRS	块 blob	default
fff068af-d2b2-4ffc-895e-d2be686d9b39	storage-cold-hot-block-blob	RA-GRS	块 blob（冷）	default
2b1cc296-982e-4eba-bebe-c78b1f3732af	premium-storage	P30	default	default
a3834edc-199f-447b-bc92-1d73c1d13e64	storage-general-purpose-block-blob	RA-GRS	块 blob	default
290d414c-c892-4e22-bd94-fdba8a30798a	storage-cold-hot-block-blob	LRS	块 blob（热）	default
703cabb2-a30d-44e2-be47-cc8fd1ec25fc	storage-cold-hot-block-blob	LRS	块 blob（冷）	default
2d19b1c3-fbdd-4afe-b626-5ecd85572af2	storage-cold-hot-block-blob	LRS	块 blob（热）	default
84af43ae-2cff-46f6-96e1-f03d27dfeb55	storage-cold-hot-block-blob	LRS	块 blob（热）	default
5ada71ae-b6fd-432b-b555-b22ec5488273				
35623590-cb70-4f76-937c-040aec39ba55	storage-cold-hot-block-blob	RA-GRS	块 blob（热）	default
3deba93c-29c1-43c3-a775-ed343fe0375b	storage-general-purpose-table	RA-GRS	表	default
41e0b729-b549-4a82-b6b9-a40024c571ce	storage-general-purpose-file	GRS	Azure file/文件	default
dc58343b-8d75-4c2b-8ad1-08e20de0dd00				
938fc20c-a31d-4594-a651-03c4d1a68f90	storage-general-purpose-table	GRS	表	default
5e2c8dd2-7899-4cb4-a9e3-0f08c3f90022				
4fc327d2-f962-4beb-9f21-ab3234509a54	storage-cold-hot-block-blob	LRS	块 blob（冷）	default
d529f155-00ea-4f94-8669-4c1b90d9d739				
78304818-717c-476f-8e29-bcc6b9a43273	storage-general-purpose-page-blob-disk	LRS	页 blob 和磁盘	default
f4b954d8-bbd7-4f99-ad62-f14f106bae4b	storage-cold-hot-block-blob	 GRS	块 blob（冷）	default
12f2dcbb-b14a-4c0d-90a5-5221356b06e5				
88213ba2-c5d0-451d-92cb-4b269baa6089				
5e02b0bc-21e5-410c-ac8f-e7c37e12e98d	storage-general-purpose-page-blob-disk	RA-GRS	页 blob 和磁盘	default
76fb3779-19ac-433b-97cf-2765d5eba982				
8de34d2b-d93c-4a10-9c21-5e9308001143				
a8667050-16f5-4ef8-a3f3-f03c394c2327				
d0556a6a-0f8f-4126-a277-468a7b5b2d0f				
8dbc6497-3d3a-47d6-9de4-dd42072fad66	storage-general-purpose-page-blob-disk	LRS	页 blob 和磁盘	default
7397766a-fec3-4707-915d-d7ccd44ad8a0	storage-general-purpose-block-blob	GRS	块 blob	default
db394620-d69c-4ba6-b402-88108a27a4ae	storage-general-purpose-block-blob	LRS	块 blob	default
ef7c4307-326e-4905-af37-6e694c1574b3	storage-cold-hot-block-blob	 GRS	块 blob（热）	default
9d796645-ffe8-4778-b384-cbd5ebd48222	storage-general-purpose-queues	RA-GRS	队列	default
75e74d58-f259-4821-85e6-d5861f663a10	premium-storage	P30	default	default
0aae2541-5b38-4b15-9334-f9cbd11f0912				
5c085e2e-0463-4446-8078-93b07528f131				
22e34bb4-7687-49ad-8a3f-a317de55ff19	storage-general-purpose-block-blob	GRS	块 blob	default
f9cd05ec-dccb-4c1f-b8bc-65d1e71ac77c	storage-general-purpose-queues	GRS	队列	default
d52bfc75-dbab-4e07-a660-eb1693aa8d11	storage-cold-hot-block-blob	 GRS	块 blob（热）	default
1997d7b3-c1ca-44af-86ae-d96c6ed03923	storage-general-purpose-table	LRS	表	default
533dc2ae-140e-42df-8d8c-785057716db2	storage-general-purpose-file	GRS	Azure file/文件	default
0ca65088-b8e3-43e2-b89c-344c2e9d4c0a				
30ab1dae-8172-4b24-aa5b-3666d3f0fde1	storage-general-purpose-table	GRS	表	default
f21bc78c-3ad6-4cce-a34c-1845a8e7d9a5	premium-storage	P20	default	default
2fffb989-8157-493f-b86d-15df1cdde57b	storage-cold-hot-block-blob	 GRS	块 blob（热）	default
cc7c7a41-fea2-42c6-83e9-3870205634f6	storage-cold-hot-block-blob	 GRS	块 blob（冷）	default
4b180645-cd28-4d74-bf9b-b22eb6f90b37				
8405dbf3-ffda-4d3c-85e8-716ec6bd2fbf	storage-cold-hot-block-blob	LRS	块 blob（冷）	default
56ae806b-665c-41c4-9773-f82d2b2c98ce	premium-storage	P10	default	default
26b919e5-59f1-4c90-937f-5d329fdeec84	storage-cold-hot-block-blob	RA-GRS	块 blob（热）	default
8e8799f4-c494-4141-9308-e8f012a7b2c4	premium-storage	P10	default	default
c2ca408c-9707-4b1e-ac8a-b2c4989ca405	storage-general-purpose-page-blob-disk	GRS	页 blob 和磁盘	default
bbef7984-0aad-47fd-87ae-ca432abca906	premium-storage	P10	default	default
0cccb09d-c7fd-4614-9f96-d4544f58ba42	premium-storage	P20	default	default
5c2b734d-9779-461f-8281-a6c89c7eadf0	storage-general-purpose-table	LRS	表	default
580821c7-79b7-48d0-b44f-3f5398418af2	storage-cold-hot-block-blob	RA-GRS	块 blob（冷）	default
a0a1729d-abe9-4ab3-9934-fa48acebb542	storage-cold-hot-block-blob	RA-GRS	块 blob（冷）	default
eb990e94-da32-4e43-8907-37e8108279b5	premium-storage	P30	default	default
2d834e1f-5ff2-4920-a6f6-4d3233c20c4a				
627916dd-3eb1-4b1d-bd1c-9f19593f6d25	storage-cold-hot-block-blob	LRS	块 blob（热）	default
0cbe80c3-663b-466e-a93d-e448cf81abc2	storage-general-purpose-file	GRS	Azure file/文件	default
7eefd6d3-8eb4-4135-ace3-776d789e41c6				
7aae1507-5b61-4125-ac2a-66ea118b150e				
d23a5753-ff85-4ddf-af28-8cc5cf2d3882	storage-general-purpose-page-blob-disk	LRS	页 blob 和磁盘	default
32dbc775-b0e1-4c2b-bb3e-3a930b5dcc3e				
06cdadf9-e6f8-4bf9-b00c-4ba96b291263	premium-storage	P10	default	default
61ba1651-3fb8-4899-b7e6-858c5fd9c7df	storage-general-purpose-table	RA-GRS	表	default
b43ff1c3-31f9-4b19-8f3b-5557ffb8f157				
ebb7a538-ae16-48c5-81a7-0afab9b239df				
469a7d8f-36f1-4a99-a884-6eb97643be2c	storage-cold-hot-block-blob	RA-GRS	块 blob（热）	default
b8ed6239-58d6-449b-b1da-34d0b4eff476	storage-cold-hot-block-blob	RA-GRS	块 blob（冷）	default
4f372b18-055d-476f-bc60-a3122322a91f	storage-cold-hot-block-blob	RA-GRS	块 blob（冷）	default
92808e25-462d-44ae-af54-1a5b7f7c9a9e	storage-cold-hot-block-blob	 GRS	块 blob（热）	default
719fc63b-9049-45b7-89f3-746513707f5b	premium-storage	P20	default	default
c5f0cf71-ff36-4731-ba91-444ccf0590e8	storage-cold-hot-block-blob	 GRS	块 blob（冷）	default
e3a07909-e1a1-4e0f-af7a-cea8a49f50e1	storage-general-purpose-table	LRS	表	default
ee5e203e-6b6a-4ba2-961a-683698d03a02	storage-cold-hot-block-blob	 GRS	块 blob（冷）	default
ec4964fc-60fe-4720-b4d0-1bf4ff32c91d	storage-cold-hot-block-blob	RA-GRS	块 blob（热）	default
41bb4a09-0f02-4dac-ab73-e2c8f31963d5	storage-cold-hot-block-blob	LRS	块 blob（冷）	default
c7d16067-dc2b-4a82-b970-1cf55190b54a	storage-general-purpose-queues	GRS	队列	default
6c76daf0-aeb1-4238-b8b4-18820c91eeef	storage-general-purpose-table	RA-GRS	表	default
e09f47c9-bc89-4ad3-a7b5-294a647c889b	storage-cold-hot-block-blob	RA-GRS	块 blob（热）	default
52670bdc-1da8-43ad-bc26-d1b2e064ef3f	premium-storage	P10	default	default
bb1dde0a-4473-4457-9ddb-d55d4aca3b93	storage-cold-hot-block-blob	RA-GRS	块 blob（热）	default
b33b1ec8-9cf7-4d2f-8f25-7b2581ad0b0c	storage-general-purpose-queues	GRS	队列	default
c3867359-7044-4ef7-9049-01ef23565e7b	storage-cold-hot-block-blob	LRS	块 blob（热）	default
c8e955ae-f19b-47a9-bc1c-846382d6daa0	storage-cold-hot-block-blob	 GRS	块 blob（热）	default
ed9797a7-f7b5-404c-8ed7-69b5cd50816a	storage-general-purpose-table	RA-GRS	表	default
094f91f9-f1f8-4050-9c10-f621e50f1005	storage-cold-hot-block-blob	RA-GRS	块 blob（热）	default
f7a83bd0-b47c-4e8d-ac62-da11325848a3	storage-general-purpose-table	RA-GRS	表	default
802a9d10-e933-4e23-8728-8f7e3f71630c	storage-cold-hot-block-blob	RA-GRS	块 blob（冷）	default
00f88d73-6fbd-4955-9c6d-57ce7ec6ea10	storage-cold-hot-block-blob	LRS	块 blob（冷）	default
453633de-18ab-4057-acfb-3779dd691d5c				
e232a919-6f48-436c-ac0d-f0a029d66d82				
05212985-faad-4b6c-8ddb-c08cc8e37f79	premium-storage	P10	default	default
45e7b24d-c367-454c-b136-b2ae4e665ecf				
f6a8b881-4c7e-4ca0-ae42-f0e9f35a43eb	premium-storage	P10	default	default
f61318aa-6005-4c56-8124-b479caa790ee				
0623400b-f198-453e-b090-f09555b18e6a	storage-cold-hot-block-blob	RA-GRS	块 blob（热）	default
963edd42-e771-439f-b55a-0fad4bd529f0	storage-cold-hot-block-blob	RA-GRS	块 blob（热）	default
e3aa4ebf-c1ab-4dc4-a587-4ab49cb54e0e	storage-general-purpose-table	LRS	表	default
0e6baa9a-4e41-4a62-b83f-5f56d269c244				
f734df52-f7fd-47cf-a279-9b718d15c0b9	storage-cold-hot-block-blob	 GRS	块 blob（热）	default
3dc510c6-0868-4fbc-98cb-2cd8db95060b	storage-general-purpose-queues	RA-GRS	队列	default
6102952a-e48b-4e88-9e39-81bfcaf46105	storage-cold-hot-block-blob	RA-GRS	块 blob（冷）	default
e7f01606-3c2b-4fc0-ad9b-5228a914e289	storage-general-purpose-queues	LRS	队列	default
6c248e49-2c88-40a4-80ab-d469e72b1a46	premium-storage	P10	default	default
88aab413-fad2-42d6-b205-c881ef9c43c1	storage-cold-hot-block-blob	 GRS	块 blob（热）	default
0e640d75-28b9-4d06-bb9a-ec794eb17842	storage-cold-hot-block-blob	 GRS	块 blob（冷）	default
3674cb21-5cac-4e21-8a6f-dc17181a0cf8	storage-cold-hot-block-blob	 GRS	块 blob（热）	default
e2cedf98-2946-464b-af11-c8e9b4cce4f6	storage-cold-hot-block-blob	RA-GRS	块 blob（冷）	default
52a3649b-ec85-4782-a581-58e8a3b9659d	storage-general-purpose-queues	LRS	队列	default
9e4e879d-c0f2-4623-8051-b0fb279b4425	storage-general-purpose-block-blob	LRS	块 blob	default
6c3b7184-85a6-4afa-8683-9d7c657d9753	storage-general-purpose-page-blob-disk	RA-GRS	页 blob 和磁盘	default
30106156-d005-4b27-abd3-1b9fbeb12c25	storage-general-purpose-table	LRS	表	default
8fdc6c9f-f633-4e31-aed4-c5b9f29792fd	storage-cold-hot-block-blob	 GRS	块 blob（冷）	default
8cda1ae6-8888-4024-b1f4-bcdb0af88739	storage-general-purpose-queues	RA-GRS	队列	default
fb8386fc-29c3-4203-973b-8a7bd78b0a05	storage-general-purpose-file	GRS	Azure file/文件	default
ad1bd262-83bc-41aa-a7c9-8a5fbe3b626a	storage-general-purpose-queues	GRS	队列	default
fcdb50f8-69e6-4461-9ca6-bd7cfc7bb919	premium-storage	P30	default	default
8e7ddd98-7ec3-402e-b996-af088997d72e	storage-cold-hot-block-blob	RA-GRS	块 blob（冷）	default
e2479b74-a48f-43f9-b1ce-f176d5900aad	storage-general-purpose-queues	RA-GRS	队列	default
0becd1d4-71e7-4395-a785-47ff2db3d6d4	storage-general-purpose-page-blob-disk	RA-GRS	页 blob 和磁盘	default
c35c15df-4d8c-4992-b970-8903e537a4b8	storage-cold-hot-block-blob	LRS	块 blob（冷）	default
85f538f3-5160-4e57-8a99-37c100d3a3b3	storage-general-purpose-table	GRS	表	default
3dfa2dd0-43d8-4445-90a9-3803eaf10ed2	storage-general-purpose-block-blob	RA-GRS	块 blob	default
bd4a9ff3-f831-4b3d-a7da-8ea4112ff213	storage-cold-hot-block-blob	 GRS	块 blob（热）	default
8375a86c-cc34-458a-aaf1-c8e2caf3ea71	storage-cold-hot-block-blob	 GRS	块 blob（热）	default
9263a2e8-a7c0-4765-ab07-f2b267a841ef				
06ee940c-273f-447f-9ca0-ba54218a9722	premium-storage	P10	default	default
2e5fe69a-ea9d-4bfd-b8fb-a6955d477fb8	storage-cold-hot-block-blob	RA-GRS	块 blob（冷）	default
f89269ee-ef2b-4269-9aba-9308de89cb68	storage-cold-hot-block-blob	LRS	块 blob（冷）	default
2067d415-a982-4cb3-b29b-4898db0d8908	storage-general-purpose-queues	GRS	队列	default
c4de179c-c9ed-4e2e-b77c-392655fc62b5	storage-general-purpose-queues	RA-GRS	队列	default
7cafdacd-f6b7-4991-ade6-cca146bea157				
85212205-1ce7-4249-ad85-6183348e3dbb	premium-storage	P20	default	default
e5f7daab-4e14-4684-a168-b8834094a91d				
30f61715-f06d-4f84-969d-e63087d22472	storage-cold-hot-block-blob	LRS	块 blob（热）	default
1a002948-ff5d-4047-8fce-d284852ae52b				
0cdc9101-04fc-414e-8c7b-e2ea0ec3536f				
693094b6-03ee-42ee-89f9-964904e636dd	storage-general-purpose-file	LRS	Azure file/文件	default
ddd423d8-fdf4-4909-8bf5-798d02146c16	storage-general-purpose-page-blob-disk	GRS	页 blob 和磁盘	default
5435d17e-896a-4d1f-aabc-8b74183f6e9e	storage-cold-hot-block-blob	 GRS	块 blob（冷）	default
ffca27cb-bcb8-4566-84b5-d533107a1ad6				
39efd5e7-cc49-4425-bb58-a7b78f56333c	storage-cold-hot-block-blob	RA-GRS	块 blob（冷）	default
2c079180-c816-488e-aad4-5c92dd0e0dd8				
d92b8278-b72c-4b6a-8b57-606806ec1d23	premium-storage	P10	default	default
b74c1bd6-c0ea-4248-b00a-dfe2afce7af0				
ea6dc3b9-a9ee-4d30-a059-8edf46dfc478	storage-general-purpose-page-blob-disk	GRS	页 blob 和磁盘	default
0037d745-79e5-4b0a-8130-336dd40587da	storage-general-purpose-queues	RA-GRS	队列	default
9f98bcd9-2523-4212-b153-315e6aee3c20	premium-storage	P20	default	default
4a70b10f-0790-4026-8a75-d8363d5f83f8	storage-cold-hot-block-blob	 GRS	块 blob（冷）	default
22c53c77-198b-4357-b1f8-59b9fb790b5a	storage-cold-hot-block-blob	LRS	块 blob（冷）	default
5ca8088c-26ba-41c6-a704-f7557fe0fc50	storage-general-purpose-file	GRS	Azure file/文件	default
7fc61108-5209-4f54-a47d-c3b0420067c4	storage-general-purpose-table	GRS	表	default
dea7a453-5935-40f1-886f-55f6e9966d21	storage-general-purpose-table	RA-GRS	表	default
3789a039-9a1e-43c7-a228-8df0e6b648d9	storage-general-purpose-page-blob-disk	GRS	页 blob 和磁盘	default
d554ea87-a187-418f-a591-b951c5e09c04	storage-cold-hot-block-blob	LRS	块 blob（冷）	default
d6eb6e09-ee00-4672-aa66-ed1219c1113d	storage-general-purpose-queues	GRS	队列	default
dbedc6e2-5aca-41e0-8481-7203e4d7718c	storage-general-purpose-table	RA-GRS	表	default
55603a24-0e68-420d-8654-29c65298c73f				
9faab150-a776-4f13-a844-263bdf1f4a86				
66a37078-91c5-4f20-94c8-2f9ce4c0beca	storage-general-purpose-file	LRS	Azure file/文件	default
72f659e7-5880-47ce-981d-ddc828ce89e6	storage-general-purpose-table	LRS	表	default
30242e11-c74f-4af3-a972-d5ba472bd1f2	storage-general-purpose-block-blob	LRS	块 blob	default
545b66e2-8d15-46b2-8bb5-0fa3bb73cee5	storage-cold-hot-block-blob	RA-GRS	块 blob（冷）	default
6ecded8f-3f77-48d7-9fbe-001df000546f	premium-storage	P30	default	default
3d506f0c-344a-4e3f-a7bb-a9f5b71d2aed	storage-general-purpose-page-blob-disk	LRS	页 blob 和磁盘	default
7723a342-2802-4415-b9bd-07ccd123e94e	storage-general-purpose-table	RA-GRS	表	default
c5bea5ff-8d40-4a98-831d-7d0aefc471bb	premium-storage	P10	default	default
8fedbade-1917-442d-a0e2-61a0552183e2	storage-cold-hot-block-blob	RA-GRS	块 blob（热）	default
94f06d38-6599-4642-a40e-092f05bdc423	storage-cold-hot-block-blob	 GRS	块 blob（热）	default
b4db8aa1-a229-425a-b682-a7a33d9f316f				
f7aa4a89-a94b-4521-863e-4a328ccd4735	storage-cold-hot-block-blob	 GRS	块 blob（冷）	default
9487dd3a-1550-4fcd-9f9f-b458470d2dd9	premium-storage	P10	default	default
0e9d0c9b-ab6d-4312-9c7e-3794e22af9c4	storage-general-purpose-page-blob-disk	GRS	页 blob 和磁盘	default
7c4d16f6-46d9-476c-b563-125fade3e17a				
824ba5d0-a4d8-44c3-b589-01a9064f1017	premium-storage	P20	default	default
92567832-8613-47c4-9e8a-b2b9461a4875	storage-general-purpose-table	GRS	表	default
4b83a4b7-cfd2-4695-9553-4613eb548028	premium-storage	P20	default	default
e3600abc-da0a-45bb-8ae5-b101d6b29680	storage-cold-hot-block-blob	 GRS	块 blob（热）	default
c7108a85-74e0-47a4-bd95-e5a65ffd3fd8	storage-cold-hot-block-blob	RA-GRS	块 blob（冷）	default
a7253eb0-e9e9-4694-a9b4-7a94ff426786				
c3b5ed45-bebd-480f-b19a-6e37a0ce9e05	premium-storage	P30	default	default
9341ff9a-3bc3-46fc-9d4b-b43bcd46e80f	storage-cold-hot-block-blob	RA-GRS	块 blob（热）	default
b4c9ee83-616e-4a6e-9de2-800db3d5778a				
964d267d-40cd-49fc-806e-5504d43e6567	storage-cold-hot-block-blob	RA-GRS	块 blob（热）	default
221a60b9-c27b-4522-ab9d-1f0d9ff18faf	storage-general-purpose-file	GRS	Azure file/文件	default
10e5ee74-8fd6-4972-909f-65a83f92f0ce	storage-cold-hot-block-blob	LRS	块 blob（热）	default
82b0f0f1-bc4d-4be6-a829-2963661454af	storage-general-purpose-table	RA-GRS	表	default
7701caf0-43b4-4e12-beae-b90236128c46	storage-general-purpose-block-blob	RA-GRS	块 blob	default
8788528e-5f5d-44c0-9838-a912dd3cfa64	storage-cold-hot-block-blob	RA-GRS	块 blob（热）	default
458fb98f-9987-417f-8c95-5ffe6101c0ad	storage-general-purpose-block-blob	LRS	块 blob	default
561564c7-48fd-4fa5-b25f-d61a4131fbac	storage-cold-hot-block-blob	 GRS	块 blob（热）	default
a05f8b31-228c-4826-862c-6cdb578784a3	storage-cold-hot-block-blob	 GRS	块 blob（热）	default
0f190e0f-7121-49ca-b4e0-5198dbc6bb20				
a9be7552-6ff5-4957-a4eb-c9b0fbcedd41	storage-cold-hot-block-blob	 GRS	块 blob（冷）	default
c8a25804-f50c-4cac-908e-d6783eac4617	storage-general-purpose-table	GRS	表	default
fd0c4484-f366-48f3-8ae0-7b338b1cc278	storage-general-purpose-file	GRS	Azure file/文件	default
29cec9c7-cbe1-4b5d-ae75-d5ee7b2f4061	storage-general-purpose-block-blob	GRS	块 blob	default
2aec6f70-b1fe-42a6-8142-b879c955603d	storage-cold-hot-block-blob	LRS	块 blob（冷）	default
14bd8294-0eb7-4eba-a383-39bf8d000caa	storage-cold-hot-block-blob	RA-GRS	块 blob（冷）	default
5e4f7678-cdd0-4ddc-b367-0db324fe2688	storage-general-purpose-block-blob	RA-GRS	块 blob	default
951409c3-50d2-4a9d-aeb2-eca9b89e8e5b	storage-general-purpose-file	LRS	Azure file/文件	default
04234260-6e2d-41ca-a84e-d177d2e6d026				
8e2b9efd-6226-4b17-9325-97788b5fa0bb	storage-general-purpose-block-blob	RA-GRS	块 blob	default
79d71b70-95d3-4f8e-83b3-110f5b2a616a	storage-general-purpose-block-blob	RA-GRS	块 blob	default
908741b0-34e3-4946-bdd5-8b36a5ae278a				
c1635534-1c1d-4fc4-b090-88fc2672ef87	storage-general-purpose-block-blob	LRS	块 blob	default
b9c339dd-811b-4960-8f8e-ab67c0a3a14c	storage-general-purpose-table	LRS	表	default
d8617238-d7b7-4eb3-ab46-8ea14cf88c6b	storage-general-purpose-page-blob-disk	GRS	页 blob 和磁盘	default
f316502d-b552-488f-a157-543c48a2023f				
62577447-ac4f-4f37-a303-cfae8be6aa5d	storage-cold-hot-block-blob	 GRS	块 blob（热）	default
ace30b39-5349-4478-a583-24001b1d38ea	storage-cold-hot-block-blob	 GRS	块 blob（冷）	default
f00ea971-6ace-4974-b79d-fe1bb7bf2314	premium-storage	P30	default	default
01473d88-38ef-4b36-97e1-6905f2b68462	storage-cold-hot-block-blob	LRS	块 blob（热）	default
4853d86a-38c9-4947-8653-c3b8a99c87e9	storage-general-purpose-block-blob	GRS	块 blob	default
21676e32-89e7-44e5-a4ce-43eb4caea6b8	storage-cold-hot-block-blob	LRS	块 blob（冷）	default
0f521674-5ebd-4679-bd97-8bc2ac4a9040	storage-general-purpose-block-blob	GRS	块 blob	default
8d5e980b-6f6c-4904-b37b-12c67c1cb413	storage-general-purpose-page-blob-disk	LRS	页 blob 和磁盘	default
1760dd42-1206-4da9-832b-b4f47819c578				
14f7d3f0-55fd-41ca-b92b-1543332f8347	storage-general-purpose-table	GRS	表	default
8e7cfcf2-abee-46f3-80fb-9fa21de35d1e	storage-general-purpose-table	RA-GRS	表	default
e490b7ca-7d10-4b35-8b4d-81336dd54bfe	storage-cold-hot-block-blob	LRS	块 blob（热）	default
f25a6441-3e35-4b6c-9ffe-763dcf93d2f0	storage-general-purpose-file	LRS	Azure file/文件	default
bf9ab6b6-ba11-44de-825f-754c800c077d	storage-general-purpose-queues	LRS	队列	default
e9549cbe-02d9-4213-b4be-22d6dfe8a3af	premium-storage	P10	default	default
2f968df1-9a17-4398-bcfb-ad8bf7922321	storage-cold-hot-block-blob	LRS	块 blob（热）	default
5a209209-b372-4dab-9d56-0c2fefae16c1	storage-general-purpose-file	LRS	Azure file/文件	default
444db22b-1d6e-4116-b199-a8d137e84ef8	storage-general-purpose-table	RA-GRS	表	default
40a3b3c1-a48a-4a66-a7e7-b300cffac4ab	storage-cold-hot-block-blob	RA-GRS	块 blob（冷）	default
b3324afa-0428-46c0-ad57-3533aad51e8b	storage-cold-hot-block-blob	LRS	块 blob（热）	default
522884f3-e9c1-472f-abd3-b63ded60d5ff	storage-cold-hot-block-blob	 GRS	块 blob（热）	default
dc0bb519-a6d0-46ca-9e19-9e034b445eed	premium-storage	P30	default	default
1762e7ed-3378-4d4a-9655-6e7f2fe56972	storage-general-purpose-page-blob-disk	RA-GRS	页 blob 和磁盘	default
a779b4ae-e3ee-44cf-ad4b-c2be12f11947	storage-cold-hot-block-blob	LRS	块 blob（冷）	default
8c78a0f1-97b3-4df7-b87b-783874d4848c	storage-cold-hot-block-blob	LRS	块 blob（冷）	default
4cee7dd1-92fd-425c-86fd-1ec95d561112				
fe876f27-eb80-4c61-bdde-39b72f5bb182	storage-cold-hot-block-blob	LRS	块 blob（冷）	default
1d13fae6-5364-429b-9d6a-33ac02a6bc1f				
8bf84600-37ce-42ab-a6d7-0c322aed8182	storage-cold-hot-block-blob	LRS	块 blob（冷）	default
e5624a14-0d70-4f1a-932e-f885cd32f926	storage-general-purpose-page-blob-disk	LRS	页 blob 和磁盘	default
2325e35c-b142-4c13-af37-511259d92dab	storage-general-purpose-block-blob	RA-GRS	块 blob	default
605bbfc8-6a48-401d-a5ca-f53ce90069f3	premium-storage	P20	default	default
370f88e1-5009-4786-ad88-7798f65c61ae				
2da459c7-3025-4ea4-9b46-23d0efa58cb1	storage-general-purpose-page-blob-disk	RA-GRS	页 blob 和磁盘	default
9081fe14-ac6f-45ca-a4d9-2b8756c500ee	storage-cold-hot-block-blob	 GRS	块 blob（冷）	default
58ee366b-e861-4f0e-b51c-e9a7854ccc6a	storage-cold-hot-block-blob	LRS	块 blob（冷）	default
fcfe6f2e-4f7d-4d98-bf21-f167604ebdb2	premium-storage	P30	default	default
0b789296-ba17-451f-9dd0-5cb514b096b0	premium-storage	P10	default	default
a75daa1d-ccd7-41a0-a47b-c767d0da22c7				
28c11fc3-0e9d-4cbf-81d7-48ae8cea70f6				
29f6e51a-6138-4f2e-a8fe-d8df7869416d				
3399fb93-fd47-4ea3-bf1a-6ded279aab72				
9df35c95-f93e-4896-9a3b-5dee09059098	storage-general-purpose-file	LRS	Azure file/文件	default
fabeaa41-a09a-4fe8-abfc-39e66dd66dee	storage-cold-hot-block-blob	RA-GRS	块 blob（热）	default
46f7694b-0985-4757-8af0-a65f3b425e34	premium-storage	P10	default	default
56044820-cfaf-462e-b198-ac435357be7d				
91d1ae38-82b5-4d2c-a109-66d2818b3e66				
d38af928-fdf2-47aa-bfc6-f2df5278207b	storage-general-purpose-queues	LRS	队列	default
727cb83e-b610-43dd-9f0d-d25010cad400				
40a11b2c-ce1b-43c1-8da6-b3ff083ce540	premium-storage	P20	default	default
0741ca2d-09c7-4c55-94a2-c0b6c0d30bff	premium-storage	P30	default	default
f7870069-8483-47ba-8fc6-050af76c8a85	storage-cold-hot-block-blob	RA-GRS	块 blob（热）	default
3f2b1e1c-c886-4ec6-ad6f-dd0ef38819c9	storage-general-purpose-table	LRS	表	default
72bb7aa1-e3a0-4363-a4af-953b80d220ac	storage-general-purpose-block-blob	LRS	块 blob	default
2eeb1af9-0c41-4fcb-81cb-d7130675cc6a	premium-storage	P30	default	default
2b916213-fe52-45bb-aab5-b31027fe35ad	premium-storage	P30	default	default
71bc9bd2-f3ea-4000-a2ff-376882679d7f	storage-general-purpose-block-blob	GRS	块 blob	default
448910ee-8225-4229-9a8a-05dde0a6fca0	storage-general-purpose-block-blob	RA-GRS	块 blob	default
23d122e2-0644-48f8-a70e-f71b7b98edd0				
fb272fe6-d4bb-480a-9a88-ee04982015ad	storage-cold-hot-block-blob	LRS	块 blob（冷）	default
16e8b048-23d3-48c3-bd9d-4953466cd84d	storage-cold-hot-block-blob	 GRS	块 blob（热）	default
2f7a7471-72e9-4eca-81c9-5160b6656887				
98f47183-0440-4ff2-8f36-0b938980ce5d	premium-storage	P20	default	default
36621ddf-4735-4e55-8e5f-4aff4bc4c5da				
243756a4-8935-4ed5-b7e2-9d3e84fc5f5d	storage-cold-hot-block-blob	LRS	块 blob（热）	default
1da67640-b1b5-4870-90f6-2edc97713d61	premium-storage	P30	default	default
a698923a-8fb0-4d81-b0d6-1a132960d773	premium-storage	P20	default	default
365a457f-78b3-4c98-8199-2c0459ed3e39	storage-general-purpose-file	LRS	Azure file/文件	default
6f69f6b3-34c2-4a40-8bcb-bb5aa8268553	premium-storage	P20	default	default
b8c992af-a6cd-47cf-b824-3dd25ed0a858	storage-general-purpose-block-blob	LRS	块 blob	default
7527f53d-bb6b-4f9a-81f1-04f4859b93e7	storage-general-purpose-table	LRS	表	default
21aee331-33c9-4b08-ae23-1f1dc2512296	storage-general-purpose-table	RA-GRS	表	default
62f20455-d83a-45d1-a0f6-e0adf240c024	storage-general-purpose-table	GRS	表	default
45026268-b020-40a7-b840-06a9c720c1be	storage-general-purpose-page-blob-disk	RA-GRS	页 blob 和磁盘	default
aeeee065-765c-4ce3-8c74-21861409c30d	storage-general-purpose-page-blob-disk	RA-GRS	页 blob 和磁盘	default
09592c73-5c6f-44cd-b9be-c51f0e0271ac	storage-cold-hot-block-blob	RA-GRS	块 blob（冷）	default
96f8b9ec-30cd-4b5b-99eb-2c416051b2b6				
22ac9479-1ced-4f8a-912d-f288d091146c				
7c9e8e11-392f-488e-8f80-a02e80b4f246				
10b97fb2-5db4-4ad2-a4e0-69b858d6b52d	storage-cold-hot-block-blob	LRS	块 blob（热）	default
0f0d80f0-d276-41b5-9d9d-177a13bc26de	storage-general-purpose-page-blob-disk	GRS	页 blob 和磁盘	default
e4ce293f-b27e-407a-a20b-b3498718006b	premium-storage	P10	default	default
54d51a8f-b588-4e86-a2c8-57978306af9d				
ed336fb3-a538-43c0-bb46-cefa2ad53b8e	storage-cold-hot-block-blob	 GRS	块 blob（冷）	default
f1249c5d-dca1-45e8-b42b-726dc9da0b94	premium-storage	P30	default	default
c9ed8e37-ac21-4027-a060-3eb0eb5e8a0c	premium-storage	P30	default	default
02ee2eec-2705-421e-ac2c-cdebf2e537d9	storage-general-purpose-block-blob	GRS	块 blob	default
ac7a8535-5cd7-4055-a800-48c70c5604c6	storage-general-purpose-queues	GRS	队列	default
197eeb00-f40e-4d31-bf6d-8ef8d54ff342	storage-general-purpose-table	LRS	表	default
c5d14af5-ec9d-466c-b6a6-0e0a33ececf7	storage-cold-hot-block-blob	 GRS	块 blob（冷）	default
1e773d6e-1761-469b-a600-259c32d0f51d	storage-general-purpose-file	LRS	Azure file/文件	default
d9701908-80f2-42c3-baf2-b7972e43a2c4	premium-storage	P30	default	default
a524f079-c94f-446f-b666-e719986c0c72				
50861a83-2ad2-4e0d-9871-41d712cebb37	storage-general-purpose-page-blob-disk	RA-GRS	页 blob 和磁盘	default
5d16be88-bfc0-4f33-bb0a-826eb941c13f	storage-cold-hot-block-blob	LRS	块 blob（冷）	default
1289d3d9-2c7a-491b-ab7f-c3c5cf6dd7e7	storage-cold-hot-block-blob	RA-GRS	块 blob（热）	default
33427e34-0748-4bde-9328-23bf3338af87				
117e8907-889c-4ccd-b1f8-b708a3070b39	storage-general-purpose-page-blob-disk	LRS	页 blob 和磁盘	default
f10a94cc-a898-4d73-9411-821009720c15	storage-cold-hot-block-blob	LRS	块 blob（热）	default
